,Country,Reactor,Type,Status,Last-Year,Latitude,Longitude,Source
0,ARGENTINA,ATUCHA-1,PHWR,Operational,2023,-33.9633333333333,-59.1863888888889,https://pris.iaea.org/PRIS/CountryStatistics/ReactorDetails.aspx?current=3
1,ARGENTINA,ATUCHA-2,PHWR,Operational,2023,-33.9633333333333,-59.1863888888889,https://pris.iaea.org/PRIS/CountryStatistics/ReactorDetails.aspx?current=5
2,ARGENTINA,EMBALSE,PHWR,Operational,2023,-32.232,-64.443,https://pris.iaea.org/PRIS/CountryStatistics/ReactorDetails.aspx?current=4
3,ARMENIA,ARMENIAN-1,PWR,Permanent Shutdown,1989,40.1808444444444,44.1489083333333,https://pris.iaea.org/PRIS/CountryStatistics/ReactorDetails.aspx?current=1
4,ARMENIA,ARMENIAN-2,PWR,Operational,2023,40.1808444444444,44.1489083333333,https://pris.iaea.org/PRIS/CountryStatistics/ReactorDetails.aspx?current=2
5,BELARUS,BELARUSIAN-1,PWR,Operational,2023,54.7583,26.09167,https://pris.iaea.org/PRIS/CountryStatistics/ReactorDetails.aspx?current=1056
6,BELARUS,BELARUSIAN-2,PWR,Operational,2023,54.7583,26.09167,https://pris.iaea.org/PRIS/CountryStatistics/ReactorDetails.aspx?current=1061
7,BELGIUM,BR-3,PWR,Permanent Shutdown,1987,51.2191667,5.102222,https://pris.iaea.org/PRIS/CountryStatistics/ReactorDetails.aspx?current=8
8,BELGIUM,DOEL-1,PWR,Operational,2023,51.3247222222222,4.25874722222222,https://pris.iaea.org/PRIS/CountryStatistics/ReactorDetails.aspx?current=9
9,BELGIUM,DOEL-2,PWR,Operational,2023,51.3247222222222,4.25874722222222,https://pris.iaea.org/PRIS/CountryStatistics/ReactorDetails.aspx?current=11
10,BELGIUM,DOEL-3,PWR,Permanent Shutdown,2022,51.3247222222222,4.25874722222222,https://pris.iaea.org/PRIS/CountryStatistics/ReactorDetails.aspx?current=12
11,BELGIUM,DOEL-4,PWR,Operational,2023,51.3247222222222,4.25874722222222,https://pris.iaea.org/PRIS/CountryStatistics/ReactorDetails.aspx?current=14
12,BELGIUM,TIHANGE-1,PWR,Operational,2023,50.5346277777778,5.27253333333333,https://pris.iaea.org/PRIS/CountryStatistics/ReactorDetails.aspx?current=10
13,BELGIUM,TIHANGE-2,PWR,Permanent Shutdown,2023,50.5346277777778,5.27253333333333,https://pris.iaea.org/PRIS/CountryStatistics/ReactorDetails.aspx?current=13
14,BELGIUM,TIHANGE-3,PWR,Operational,2023,50.5346277777778,5.27253333333333,https://pris.iaea.org/PRIS/CountryStatistics/ReactorDetails.aspx?current=15
15,BRAZIL,ANGRA-1,PWR,Operational,2023,-23.0083333333333,-44.4738888888889,https://pris.iaea.org/PRIS/CountryStatistics/ReactorDetails.aspx?current=24
16,BRAZIL,ANGRA-2,PWR,Operational,2023,-23.0083333333333,-44.4738888888889,https://pris.iaea.org/PRIS/CountryStatistics/ReactorDetails.aspx?current=25
17,BULGARIA,KOZLODUY-1,PWR,Permanent Shutdown,2002,43.7461111111111,23.7705555555556,https://pris.iaea.org/PRIS/CountryStatistics/ReactorDetails.aspx?current=16
18,BULGARIA,KOZLODUY-2,PWR,Permanent Shutdown,2002,43.7461111111111,23.7705555555556,https://pris.iaea.org/PRIS/CountryStatistics/ReactorDetails.aspx?current=17
19,BULGARIA,KOZLODUY-3,PWR,Permanent Shutdown,2006,43.7461111111111,23.7705555555556,https://pris.iaea.org/PRIS/CountryStatistics/ReactorDetails.aspx?current=18
20,BULGARIA,KOZLODUY-4,PWR,Permanent Shutdown,2006,43.7461111111111,23.7705555555556,https://pris.iaea.org/PRIS/CountryStatistics/ReactorDetails.aspx?current=19
21,BULGARIA,KOZLODUY-5,PWR,Operational,2023,43.7461111111111,23.7705555555556,https://pris.iaea.org/PRIS/CountryStatistics/ReactorDetails.aspx?current=20
22,BULGARIA,KOZLODUY-6,PWR,Operational,2023,43.7461111111111,23.7705555555556,https://pris.iaea.org/PRIS/CountryStatistics/ReactorDetails.aspx?current=21
23,CANADA,BRUCE-1,PHWR,Operational,2023,44.3266666666667,-81.5875,https://pris.iaea.org/PRIS/CountryStatistics/ReactorDetails.aspx?current=53
24,CANADA,BRUCE-2,PHWR,Operational,2023,44.3266666666667,-81.5875,https://pris.iaea.org/PRIS/CountryStatistics/ReactorDetails.aspx?current=54
25,CANADA,BRUCE-3,PHWR,Operational,2023,44.3266666666667,-81.5875,https://pris.iaea.org/PRIS/CountryStatistics/ReactorDetails.aspx?current=30
26,CANADA,BRUCE-4,PHWR,Operational,2023,44.3266666666667,-81.5875,https://pris.iaea.org/PRIS/CountryStatistics/ReactorDetails.aspx?current=31
27,CANADA,BRUCE-5,PHWR,Operational,2023,44.3266666666667,-81.5875,https://pris.iaea.org/PRIS/CountryStatistics/ReactorDetails.aspx?current=38
28,CANADA,BRUCE-6,PHWR,Operational,2023,44.3266666666667,-81.5875,https://pris.iaea.org/PRIS/CountryStatistics/ReactorDetails.aspx?current=39
29,CANADA,BRUCE-7,PHWR,Operational,2023,44.3266666666667,-81.5875,https://pris.iaea.org/PRIS/CountryStatistics/ReactorDetails.aspx?current=41
30,CANADA,BRUCE-8,PHWR,Operational,2023,44.3266666666667,-81.5875,https://pris.iaea.org/PRIS/CountryStatistics/ReactorDetails.aspx?current=42
31,CANADA,DARLINGTON-1,PHWR,Operational,2022,43.8727777777778,-78.7197222222222,https://pris.iaea.org/PRIS/CountryStatistics/ReactorDetails.aspx?current=43
32,CANADA,DARLINGTON-2,PHWR,Operational,2023,43.8727777777778,-78.7197222222222,https://pris.iaea.org/PRIS/CountryStatistics/ReactorDetails.aspx?current=44
33,CANADA,DARLINGTON-3,PHWR,Operational,2023,43.8727777777778,-78.7197222222222,https://pris.iaea.org/PRIS/CountryStatistics/ReactorDetails.aspx?current=45
34,CANADA,DARLINGTON-4,PHWR,Operational,2023,43.8727777777778,-78.7197222222222,https://pris.iaea.org/PRIS/CountryStatistics/ReactorDetails.aspx?current=46
35,CANADA,DOUGLAS POINT,PHWR,Permanent Shutdown,1984,44.3267,-81.6,https://pris.iaea.org/PRIS/CountryStatistics/ReactorDetails.aspx?current=40
36,CANADA,GENTILLY-1,HWLWR,Permanent Shutdown,1977,46.3958333333333,-72.3569444444445,https://pris.iaea.org/PRIS/CountryStatistics/ReactorDetails.aspx?current=47
37,CANADA,GENTILLY-2,PHWR,Permanent Shutdown,2012,46.3958333333333,-72.3569444444445,https://pris.iaea.org/PRIS/CountryStatistics/ReactorDetails.aspx?current=32
38,CANADA,PICKERING-1,PHWR,Operational,2023,43.8116666666667,-79.0658333333333,https://pris.iaea.org/PRIS/CountryStatistics/ReactorDetails.aspx?current=49
39,CANADA,PICKERING-2,PHWR,Permanent Shutdown,1997,43.8116666666667,-79.0658333333333,https://pris.iaea.org/PRIS/CountryStatistics/ReactorDetails.aspx?current=50
40,CANADA,PICKERING-3,PHWR,Permanent Shutdown,1997,43.8116666666667,-79.0658333333333,https://pris.iaea.org/PRIS/CountryStatistics/ReactorDetails.aspx?current=51
41,CANADA,PICKERING-4,PHWR,Operational,2023,43.8116666666667,-79.0658333333333,https://pris.iaea.org/PRIS/CountryStatistics/ReactorDetails.aspx?current=52
42,CANADA,PICKERING-5,PHWR,Operational,2023,43.8116666666667,-79.0658333333333,https://pris.iaea.org/PRIS/CountryStatistics/ReactorDetails.aspx?current=33
43,CANADA,PICKERING-6,PHWR,Operational,2023,43.8116666666667,-79.0658333333333,https://pris.iaea.org/PRIS/CountryStatistics/ReactorDetails.aspx?current=34
44,CANADA,PICKERING-7,PHWR,Operational,2023,43.8116666666667,-79.0658333333333,https://pris.iaea.org/PRIS/CountryStatistics/ReactorDetails.aspx?current=35
45,CANADA,PICKERING-8,PHWR,Operational,2023,43.8116666666667,-79.0658333333333,https://pris.iaea.org/PRIS/CountryStatistics/ReactorDetails.aspx?current=36
46,CANADA,POINT LEPREAU,PHWR,Operational,2023,45.0694444444444,-66.4555555555556,https://pris.iaea.org/PRIS/CountryStatistics/ReactorDetails.aspx?current=37
47,CANADA,ROLPHTON NPD,PHWR,Permanent Shutdown,1987,46.1811,-77.695833,https://pris.iaea.org/PRIS/CountryStatistics/ReactorDetails.aspx?current=29
48,CHINA,CHANGJIANG-1,PWR,Operational,2023,19.298045,109.055719,https://pris.iaea.org/PRIS/CountryStatistics/ReactorDetails.aspx?current=939
49,CHINA,CHANGJIANG-2,PWR,Operational,2023,19.298045,109.055719,https://pris.iaea.org/PRIS/CountryStatistics/ReactorDetails.aspx?current=940
50,CHINA,DAYA BAY-1,PWR,Operational,2023,22.59722,114.54444,https://pris.iaea.org/PRIS/CountryStatistics/ReactorDetails.aspx?current=63
51,CHINA,DAYA BAY-2,PWR,Operational,2023,22.59722,114.54444,https://pris.iaea.org/PRIS/CountryStatistics/ReactorDetails.aspx?current=64
52,CHINA,FANGCHENGGANG-1,PWR,Operational,2023,21.68686,108.353847,https://pris.iaea.org/PRIS/CountryStatistics/ReactorDetails.aspx?current=943
53,CHINA,FANGCHENGGANG-2,PWR,Operational,2023,21.68686,108.353847,https://pris.iaea.org/PRIS/CountryStatistics/ReactorDetails.aspx?current=944
54,CHINA,FANGCHENGGANG-3,PWR,Operational,2023,21.68686,108.353847,https://pris.iaea.org/PRIS/CountryStatistics/ReactorDetails.aspx?current=945
55,CHINA,FANGJIASHAN-1,PWR,Operational,2023,30.441389,120.941667,https://pris.iaea.org/PRIS/CountryStatistics/ReactorDetails.aspx?current=912
56,CHINA,FANGJIASHAN-2,PWR,Operational,2023,30.441389,120.941667,https://pris.iaea.org/PRIS/CountryStatistics/ReactorDetails.aspx?current=913
57,CHINA,FUQING-1,PWR,Operational,2023,25.44583,119.44722,https://pris.iaea.org/PRIS/CountryStatistics/ReactorDetails.aspx?current=914
58,CHINA,FUQING-2,PWR,Operational,2023,25.44583,119.44722,https://pris.iaea.org/PRIS/CountryStatistics/ReactorDetails.aspx?current=915
59,CHINA,FUQING-3,PWR,Operational,2023,25.44583,119.44722,https://pris.iaea.org/PRIS/CountryStatistics/ReactorDetails.aspx?current=935
60,CHINA,FUQING-4,PWR,Operational,2023,25.44583,119.44722,https://pris.iaea.org/PRIS/CountryStatistics/ReactorDetails.aspx?current=936
61,CHINA,FUQING-5,PWR,Operational,2023,25.44583,119.44722,https://pris.iaea.org/PRIS/CountryStatistics/ReactorDetails.aspx?current=937
62,CHINA,FUQING-6,PWR,Operational,2023,25.44583,119.44722,https://pris.iaea.org/PRIS/CountryStatistics/ReactorDetails.aspx?current=938
63,CHINA,HAIYANG-1,PWR,Operational,2023,36.776378,121.158434,https://pris.iaea.org/PRIS/CountryStatistics/ReactorDetails.aspx?current=908
64,CHINA,HAIYANG-2,PWR,Operational,2023,36.776378,121.158434,https://pris.iaea.org/PRIS/CountryStatistics/ReactorDetails.aspx?current=909
65,CHINA,HONGYANHE-1,PWR,Operational,2023,39.795833,121.48056,https://pris.iaea.org/PRIS/CountryStatistics/ReactorDetails.aspx?current=904
66,CHINA,HONGYANHE-2,PWR,Operational,2023,39.795833,121.48056,https://pris.iaea.org/PRIS/CountryStatistics/ReactorDetails.aspx?current=905
67,CHINA,HONGYANHE-3,PWR,Operational,2023,39.795833,121.48056,https://pris.iaea.org/PRIS/CountryStatistics/ReactorDetails.aspx?current=906
68,CHINA,HONGYANHE-4,PWR,Operational,2023,39.795833,121.48056,https://pris.iaea.org/PRIS/CountryStatistics/ReactorDetails.aspx?current=907
69,CHINA,HONGYANHE-5,PWR,Operational,2023,39.795833,121.48056,https://pris.iaea.org/PRIS/CountryStatistics/ReactorDetails.aspx?current=997
70,CHINA,HONGYANHE-6,PWR,Operational,2023,39.795833,121.48056,https://pris.iaea.org/PRIS/CountryStatistics/ReactorDetails.aspx?current=998
71,CHINA,LING AO-1,PWR,Operational,2023,22.6047888888889,114.551488888889,https://pris.iaea.org/PRIS/CountryStatistics/ReactorDetails.aspx?current=67
72,CHINA,LING AO-2,PWR,Operational,2023,22.6047888888889,114.551488888889,https://pris.iaea.org/PRIS/CountryStatistics/ReactorDetails.aspx?current=68
73,CHINA,LING AO-3,PWR,Operational,2023,22.6047888888889,114.551488888889,https://pris.iaea.org/PRIS/CountryStatistics/ReactorDetails.aspx?current=878
74,CHINA,LING AO-4,PWR,Operational,2023,22.6047888888889,114.551488888889,https://pris.iaea.org/PRIS/CountryStatistics/ReactorDetails.aspx?current=875
75,CHINA,NINGDE-1,PWR,Operational,2023,27.0444,120.2833,https://pris.iaea.org/PRIS/CountryStatistics/ReactorDetails.aspx?current=921
76,CHINA,NINGDE-2,PWR,Operational,2023,27.0444,120.2833,https://pris.iaea.org/PRIS/CountryStatistics/ReactorDetails.aspx?current=922
77,CHINA,NINGDE-3,PWR,Operational,2023,27.0444,120.2833,https://pris.iaea.org/PRIS/CountryStatistics/ReactorDetails.aspx?current=923
78,CHINA,NINGDE-4,PWR,Operational,2023,27.0444,120.2833,https://pris.iaea.org/PRIS/CountryStatistics/ReactorDetails.aspx?current=924
79,CHINA,QINSHAN 2-1,PWR,Operational,2023,30.435425,120.956413888889,https://pris.iaea.org/PRIS/CountryStatistics/ReactorDetails.aspx?current=65
80,CHINA,QINSHAN 2-2,PWR,Operational,2023,30.435425,120.956413888889,https://pris.iaea.org/PRIS/CountryStatistics/ReactorDetails.aspx?current=66
81,CHINA,QINSHAN 2-3,PWR,Operational,2023,30.435425,120.956413888889,https://pris.iaea.org/PRIS/CountryStatistics/ReactorDetails.aspx?current=876
82,CHINA,QINSHAN 2-4,PWR,Operational,2023,30.435425,120.956413888889,https://pris.iaea.org/PRIS/CountryStatistics/ReactorDetails.aspx?current=877
83,CHINA,QINSHAN 3-1,PHWR,Operational,2023,30.435425,120.956413888889,https://pris.iaea.org/PRIS/CountryStatistics/ReactorDetails.aspx?current=69
84,CHINA,QINSHAN 3-2,PHWR,Operational,2023,30.435425,120.956413888889,https://pris.iaea.org/PRIS/CountryStatistics/ReactorDetails.aspx?current=840
85,CHINA,QINSHAN-1,PWR,Operational,2023,30.435425,120.956413888889,https://pris.iaea.org/PRIS/CountryStatistics/ReactorDetails.aspx?current=62
86,CHINA,SANMEN-1,PWR,Operational,2023,28.6667,121.35,https://pris.iaea.org/PRIS/CountryStatistics/ReactorDetails.aspx?current=879
87,CHINA,SANMEN-2,PWR,Operational,2023,28.6667,121.35,https://pris.iaea.org/PRIS/CountryStatistics/ReactorDetails.aspx?current=880
88,CHINA,SHIDAO BAY-1,HTGR,Operational,2023,37.513068,122.12042,https://pris.iaea.org/PRIS/CountryStatistics/ReactorDetails.aspx?current=957
89,CHINA,TAISHAN-1,PWR,Operational,2023,34.6869444,119.4597222,https://pris.iaea.org/PRIS/CountryStatistics/ReactorDetails.aspx?current=918
90,CHINA,TAISHAN-2,PWR,Operational,2023,34.6869444,119.4597222,https://pris.iaea.org/PRIS/CountryStatistics/ReactorDetails.aspx?current=919
91,CHINA,TIANWAN-1,PWR,Operational,2023,34.661453,119.224319,https://pris.iaea.org/PRIS/CountryStatistics/ReactorDetails.aspx?current=838
92,CHINA,TIANWAN-2,PWR,Operational,2023,34.661453,119.224319,https://pris.iaea.org/PRIS/CountryStatistics/ReactorDetails.aspx?current=839
93,CHINA,TIANWAN-3,PWR,Operational,2023,34.661453,119.224319,https://pris.iaea.org/PRIS/CountryStatistics/ReactorDetails.aspx?current=973
94,CHINA,TIANWAN-4,PWR,Operational,2023,34.661453,119.224319,https://pris.iaea.org/PRIS/CountryStatistics/ReactorDetails.aspx?current=974
95,CHINA,TIANWAN-5,PWR,Operational,2023,34.661453,119.224319,https://pris.iaea.org/PRIS/CountryStatistics/ReactorDetails.aspx?current=975
96,CHINA,TIANWAN-6,PWR,Operational,2023,34.661453,119.224319,https://pris.iaea.org/PRIS/CountryStatistics/ReactorDetails.aspx?current=976
97,CHINA,YANGJIANG-1,PWR,Operational,2023,21.708333,112.2611,https://pris.iaea.org/PRIS/CountryStatistics/ReactorDetails.aspx?current=881
98,CHINA,YANGJIANG-2,PWR,Operational,2023,21.708333,112.2611,https://pris.iaea.org/PRIS/CountryStatistics/ReactorDetails.aspx?current=882
99,CHINA,YANGJIANG-3,PWR,Operational,2023,21.708333,112.2611,https://pris.iaea.org/PRIS/CountryStatistics/ReactorDetails.aspx?current=931
100,CHINA,YANGJIANG-4,PWR,Operational,2023,21.708333,112.2611,https://pris.iaea.org/PRIS/CountryStatistics/ReactorDetails.aspx?current=932
101,CHINA,YANGJIANG-5,PWR,Operational,2023,21.708333,112.2611,https://pris.iaea.org/PRIS/CountryStatistics/ReactorDetails.aspx?current=933
102,CHINA,YANGJIANG-6,PWR,Operational,2023,21.708333,112.2611,https://pris.iaea.org/PRIS/CountryStatistics/ReactorDetails.aspx?current=934
103,CZECH REPUBLIC,DUKOVANY-1,PWR,Operational,2023,49.085,16.1488888888889,https://pris.iaea.org/PRIS/CountryStatistics/ReactorDetails.aspx?current=78
104,CZECH REPUBLIC,DUKOVANY-2,PWR,Operational,2023,49.085,16.1488888888889,https://pris.iaea.org/PRIS/CountryStatistics/ReactorDetails.aspx?current=79
105,CZECH REPUBLIC,DUKOVANY-3,PWR,Operational,2023,49.085,16.1488888888889,https://pris.iaea.org/PRIS/CountryStatistics/ReactorDetails.aspx?current=80
106,CZECH REPUBLIC,DUKOVANY-4,PWR,Operational,2023,49.085,16.1488888888889,https://pris.iaea.org/PRIS/CountryStatistics/ReactorDetails.aspx?current=81
107,CZECH REPUBLIC,TEMELIN-1,PWR,Operational,2023,49.18,14.3761111111111,https://pris.iaea.org/PRIS/CountryStatistics/ReactorDetails.aspx?current=74
108,CZECH REPUBLIC,TEMELIN-2,PWR,Operational,2023,49.18,14.3761111111111,https://pris.iaea.org/PRIS/CountryStatistics/ReactorDetails.aspx?current=75
109,FINLAND,LOVIISA-1,PWR,Operational,2023,60.3722222222222,26.3472222222222,https://pris.iaea.org/PRIS/CountryStatistics/ReactorDetails.aspx?current=157
110,FINLAND,LOVIISA-2,PWR,Operational,2023,60.3722222222222,26.3472222222222,https://pris.iaea.org/PRIS/CountryStatistics/ReactorDetails.aspx?current=158
111,FINLAND,OLKILUOTO-1,BWR,Operational,2023,61.2369444444445,21.4408333333333,https://pris.iaea.org/PRIS/CountryStatistics/ReactorDetails.aspx?current=159
112,FINLAND,OLKILUOTO-2,BWR,Operational,2023,61.2369444444445,21.4408333333333,https://pris.iaea.org/PRIS/CountryStatistics/ReactorDetails.aspx?current=160
113,FINLAND,OLKILUOTO-3,PWR,Operational,2023,61.2369444444445,21.4408333333333,https://pris.iaea.org/PRIS/CountryStatistics/ReactorDetails.aspx?current=860
114,FRANCE,BELLEVILLE-1,PWR,Operational,2023,47.5097222222222,2.875,https://pris.iaea.org/PRIS/CountryStatistics/ReactorDetails.aspx?current=211
115,FRANCE,BELLEVILLE-2,PWR,Operational,2023,47.5097222222222,2.875,https://pris.iaea.org/PRIS/CountryStatistics/ReactorDetails.aspx?current=212
116,FRANCE,BLAYAIS-1,PWR,Operational,2023,45.2561,-0.69235,https://pris.iaea.org/PRIS/CountryStatistics/ReactorDetails.aspx?current=187
117,FRANCE,BLAYAIS-2,PWR,Operational,2023,45.2561,-0.69235,https://pris.iaea.org/PRIS/CountryStatistics/ReactorDetails.aspx?current=188
118,FRANCE,BLAYAIS-3,PWR,Operational,2023,45.2561,-0.69235,https://pris.iaea.org/PRIS/CountryStatistics/ReactorDetails.aspx?current=189
119,FRANCE,BLAYAIS-4,PWR,Operational,2023,45.2561,-0.69235,https://pris.iaea.org/PRIS/CountryStatistics/ReactorDetails.aspx?current=190
120,FRANCE,BUGEY-1,GCR,Permanent Shutdown,1994,45.7983333333333,5.27083333333333,https://pris.iaea.org/PRIS/CountryStatistics/ReactorDetails.aspx?current=230
121,FRANCE,BUGEY-2,PWR,Operational,2023,45.7983333333333,5.27083333333333,https://pris.iaea.org/PRIS/CountryStatistics/ReactorDetails.aspx?current=165
122,FRANCE,BUGEY-3,PWR,Operational,2023,45.7983333333333,5.27083333333333,https://pris.iaea.org/PRIS/CountryStatistics/ReactorDetails.aspx?current=166
123,FRANCE,BUGEY-4,PWR,Operational,2023,45.7983333333333,5.27083333333333,https://pris.iaea.org/PRIS/CountryStatistics/ReactorDetails.aspx?current=167
124,FRANCE,BUGEY-5,PWR,Operational,2023,45.7983333333333,5.27083333333333,https://pris.iaea.org/PRIS/CountryStatistics/ReactorDetails.aspx?current=168
125,FRANCE,CATTENOM-1,PWR,Operational,2023,49.4158333333333,6.21805555555556,https://pris.iaea.org/PRIS/CountryStatistics/ReactorDetails.aspx?current=207
126,FRANCE,CATTENOM-2,PWR,Operational,2023,49.4158333333333,6.21805555555556,https://pris.iaea.org/PRIS/CountryStatistics/ReactorDetails.aspx?current=210
127,FRANCE,CATTENOM-3,PWR,Operational,2023,49.4158333333333,6.21805555555556,https://pris.iaea.org/PRIS/CountryStatistics/ReactorDetails.aspx?current=218
128,FRANCE,CATTENOM-4,PWR,Operational,2023,49.4158333333333,6.21805555555556,https://pris.iaea.org/PRIS/CountryStatistics/ReactorDetails.aspx?current=223
129,FRANCE,CHINON A-1,GCR,Permanent Shutdown,1972,47.2305555555556,0.170555555555556,https://pris.iaea.org/PRIS/CountryStatistics/ReactorDetails.aspx?current=173
130,FRANCE,CHINON A-2,GCR,Permanent Shutdown,1985,47.2305555555556,0.170555555555556,https://pris.iaea.org/PRIS/CountryStatistics/ReactorDetails.aspx?current=184
131,FRANCE,CHINON A-3,GCR,Permanent Shutdown,1990,47.2305555555556,0.170555555555556,https://pris.iaea.org/PRIS/CountryStatistics/ReactorDetails.aspx?current=195
132,FRANCE,CHINON B-1,PWR,Operational,2023,47.2305555555556,0.170555555555556,https://pris.iaea.org/PRIS/CountryStatistics/ReactorDetails.aspx?current=196
133,FRANCE,CHINON B-2,PWR,Operational,2023,47.2305555555556,0.170555555555556,https://pris.iaea.org/PRIS/CountryStatistics/ReactorDetails.aspx?current=197
134,FRANCE,CHINON B-3,PWR,Operational,2023,47.2305555555556,0.170555555555556,https://pris.iaea.org/PRIS/CountryStatistics/ReactorDetails.aspx?current=213
135,FRANCE,CHINON B-4,PWR,Operational,2023,47.2305555555556,0.170555555555556,https://pris.iaea.org/PRIS/CountryStatistics/ReactorDetails.aspx?current=214
136,FRANCE,CHOOZ B-1,PWR,Operational,2023,50.09,4.78944444444444,https://pris.iaea.org/PRIS/CountryStatistics/ReactorDetails.aspx?current=220
137,FRANCE,CHOOZ B-2,PWR,Operational,2023,50.09,4.78944444444444,https://pris.iaea.org/PRIS/CountryStatistics/ReactorDetails.aspx?current=226
138,FRANCE,CHOOZ-A (ARDENNES),PWR,Permanent Shutdown,1991,50.09,4.78944444444444,https://pris.iaea.org/PRIS/CountryStatistics/ReactorDetails.aspx?current=206
139,FRANCE,CIVAUX-1,PWR,Operational,2023,46.4566666666667,0.652777777777778,https://pris.iaea.org/PRIS/CountryStatistics/ReactorDetails.aspx?current=227
140,FRANCE,CIVAUX-2,PWR,Operational,2023,46.4566666666667,0.652777777777778,https://pris.iaea.org/PRIS/CountryStatistics/ReactorDetails.aspx?current=228
141,FRANCE,CRUAS-1,PWR,Operational,2023,44.6330555555556,4.75666666666667,https://pris.iaea.org/PRIS/CountryStatistics/ReactorDetails.aspx?current=198
142,FRANCE,CRUAS-2,PWR,Operational,2023,44.6330555555556,4.75666666666667,https://pris.iaea.org/PRIS/CountryStatistics/ReactorDetails.aspx?current=199
143,FRANCE,CRUAS-3,PWR,Operational,2023,44.6330555555556,4.75666666666667,https://pris.iaea.org/PRIS/CountryStatistics/ReactorDetails.aspx?current=200
144,FRANCE,CRUAS-4,PWR,Operational,2023,44.6330555555556,4.75666666666667,https://pris.iaea.org/PRIS/CountryStatistics/ReactorDetails.aspx?current=201
145,FRANCE,DAMPIERRE-1,PWR,Operational,2023,47.7330555555556,2.51666666666667,https://pris.iaea.org/PRIS/CountryStatistics/ReactorDetails.aspx?current=176
146,FRANCE,DAMPIERRE-2,PWR,Operational,2023,47.7330555555556,2.51666666666667,https://pris.iaea.org/PRIS/CountryStatistics/ReactorDetails.aspx?current=183
147,FRANCE,DAMPIERRE-3,PWR,Operational,2023,47.7330555555556,2.51666666666667,https://pris.iaea.org/PRIS/CountryStatistics/ReactorDetails.aspx?current=185
148,FRANCE,DAMPIERRE-4,PWR,Operational,2023,47.7330555555556,2.51666666666667,https://pris.iaea.org/PRIS/CountryStatistics/ReactorDetails.aspx?current=186
149,FRANCE,EL-4 (MONTS D'ARREE),HWGCR,Permanent Shutdown,1985,48.3533,-3.872202778,https://pris.iaea.org/PRIS/CountryStatistics/ReactorDetails.aspx?current=217
150,FRANCE,FESSENHEIM-1,PWR,Permanent Shutdown,2020,47.9036,7.56234,https://pris.iaea.org/PRIS/CountryStatistics/ReactorDetails.aspx?current=163
151,FRANCE,FESSENHEIM-2,PWR,Permanent Shutdown,2020,47.9036,7.56234,https://pris.iaea.org/PRIS/CountryStatistics/ReactorDetails.aspx?current=164
152,FRANCE,FLAMANVILLE-1,PWR,Operational,2023,49.5363888888889,-1.88166666666667,https://pris.iaea.org/PRIS/CountryStatistics/ReactorDetails.aspx?current=202
153,FRANCE,FLAMANVILLE-2,PWR,Operational,2023,49.5363888888889,-1.88166666666667,https://pris.iaea.org/PRIS/CountryStatistics/ReactorDetails.aspx?current=203
154,FRANCE,G-2 (MARCOULE),GCR,Permanent Shutdown,1979,44.1433,4.70944,https://pris.iaea.org/PRIS/CountryStatistics/ReactorDetails.aspx?current=172
155,FRANCE,G-3 (MARCOULE),GCR,Permanent Shutdown,1984,44.1433,4.70944,https://pris.iaea.org/PRIS/CountryStatistics/ReactorDetails.aspx?current=161
156,FRANCE,GOLFECH-1,PWR,Operational,2022,44.1067,0.8453,https://pris.iaea.org/PRIS/CountryStatistics/ReactorDetails.aspx?current=219
157,FRANCE,GOLFECH-2,PWR,Operational,2023,44.1067,0.8453,https://pris.iaea.org/PRIS/CountryStatistics/ReactorDetails.aspx?current=224
158,FRANCE,GRAVELINES-1,PWR,Operational,2023,51.0144444444444,2.135,https://pris.iaea.org/PRIS/CountryStatistics/ReactorDetails.aspx?current=174
159,FRANCE,GRAVELINES-2,PWR,Operational,2023,51.0144444444444,2.135,https://pris.iaea.org/PRIS/CountryStatistics/ReactorDetails.aspx?current=175
160,FRANCE,GRAVELINES-3,PWR,Operational,2023,51.0144444444444,2.135,https://pris.iaea.org/PRIS/CountryStatistics/ReactorDetails.aspx?current=181
161,FRANCE,GRAVELINES-4,PWR,Operational,2023,51.0144444444444,2.135,https://pris.iaea.org/PRIS/CountryStatistics/ReactorDetails.aspx?current=182
162,FRANCE,GRAVELINES-5,PWR,Operational,2023,51.0144444444444,2.135,https://pris.iaea.org/PRIS/CountryStatistics/ReactorDetails.aspx?current=208
163,FRANCE,GRAVELINES-6,PWR,Operational,2023,51.0144444444444,2.135,https://pris.iaea.org/PRIS/CountryStatistics/ReactorDetails.aspx?current=209
164,FRANCE,NOGENT-1,PWR,Operational,2023,48.5152777777778,3.51777777777778,https://pris.iaea.org/PRIS/CountryStatistics/ReactorDetails.aspx?current=215
165,FRANCE,NOGENT-2,PWR,Operational,2023,48.5152777777778,3.51777777777778,https://pris.iaea.org/PRIS/CountryStatistics/ReactorDetails.aspx?current=216
166,FRANCE,PALUEL-1,PWR,Operational,2023,49.8580555555556,0.635555555555556,https://pris.iaea.org/PRIS/CountryStatistics/ReactorDetails.aspx?current=191
167,FRANCE,PALUEL-2,PWR,Operational,2023,49.8580555555556,0.635555555555556,https://pris.iaea.org/PRIS/CountryStatistics/ReactorDetails.aspx?current=192
168,FRANCE,PALUEL-3,PWR,Operational,2023,49.8580555555556,0.635555555555556,https://pris.iaea.org/PRIS/CountryStatistics/ReactorDetails.aspx?current=193
169,FRANCE,PALUEL-4,PWR,Operational,2023,49.8580555555556,0.635555555555556,https://pris.iaea.org/PRIS/CountryStatistics/ReactorDetails.aspx?current=194
170,FRANCE,PENLY-1,PWR,Operational,2023,49.9766666666667,1.21194444444444,https://pris.iaea.org/PRIS/CountryStatistics/ReactorDetails.aspx?current=221
171,FRANCE,PENLY-2,PWR,Operational,2023,49.9766666666667,1.21194444444444,https://pris.iaea.org/PRIS/CountryStatistics/ReactorDetails.aspx?current=222
172,FRANCE,PHENIX,FBR,Permanent Shutdown,2009,44.1433333333333,4.71166666666667,https://pris.iaea.org/PRIS/CountryStatistics/ReactorDetails.aspx?current=162
173,FRANCE,ST. ALBAN-1,PWR,Operational,2023,45.4043,4.75548,https://pris.iaea.org/PRIS/CountryStatistics/ReactorDetails.aspx?current=204
174,FRANCE,ST. ALBAN-2,PWR,Operational,2023,45.4043,4.75548,https://pris.iaea.org/PRIS/CountryStatistics/ReactorDetails.aspx?current=205
175,FRANCE,ST. LAURENT A-1,GCR,Permanent Shutdown,1989,47.72,1.5775,https://pris.iaea.org/PRIS/CountryStatistics/ReactorDetails.aspx?current=225
176,FRANCE,ST. LAURENT A-2,GCR,Permanent Shutdown,1992,47.72,1.5775,https://pris.iaea.org/PRIS/CountryStatistics/ReactorDetails.aspx?current=229
177,FRANCE,ST. LAURENT B-1,PWR,Operational,2023,47.72,1.5775,https://pris.iaea.org/PRIS/CountryStatistics/ReactorDetails.aspx?current=169
178,FRANCE,ST. LAURENT B-2,PWR,Operational,2023,47.72,1.5775,https://pris.iaea.org/PRIS/CountryStatistics/ReactorDetails.aspx?current=177
179,FRANCE,SUPER-PHENIX,FBR,Permanent Shutdown,1996,45.75833,5.47222,https://pris.iaea.org/PRIS/CountryStatistics/ReactorDetails.aspx?current=178
180,FRANCE,TRICASTIN-1,PWR,Operational,2023,44.3297222222222,4.73222222222222,https://pris.iaea.org/PRIS/CountryStatistics/ReactorDetails.aspx?current=170
181,FRANCE,TRICASTIN-2,PWR,Operational,2023,44.3297222222222,4.73222222222222,https://pris.iaea.org/PRIS/CountryStatistics/ReactorDetails.aspx?current=171
182,FRANCE,TRICASTIN-3,PWR,Operational,2023,44.3297222222222,4.73222222222222,https://pris.iaea.org/PRIS/CountryStatistics/ReactorDetails.aspx?current=179
183,FRANCE,TRICASTIN-4,PWR,Operational,2023,44.3297222222222,4.73222222222222,https://pris.iaea.org/PRIS/CountryStatistics/ReactorDetails.aspx?current=180
184,GERMANY,AVR JUELICH,HTGR,Permanent Shutdown,1988,50.903056,6.42111,https://pris.iaea.org/PRIS/CountryStatistics/ReactorDetails.aspx?current=114
185,GERMANY,BIBLIS-A,PWR,Permanent Shutdown,2011,49.71,8.41527777777778,https://pris.iaea.org/PRIS/CountryStatistics/ReactorDetails.aspx?current=85
186,GERMANY,BIBLIS-B,PWR,Permanent Shutdown,2011,49.71,8.41527777777778,https://pris.iaea.org/PRIS/CountryStatistics/ReactorDetails.aspx?current=91
187,GERMANY,BROKDORF,PWR,Permanent Shutdown,2021,53.8508333333333,9.34472222222222,https://pris.iaea.org/PRIS/CountryStatistics/ReactorDetails.aspx?current=107
188,GERMANY,BRUNSBUETTEL,BWR,Permanent Shutdown,2007,53.8916666666667,9.20166666666667,https://pris.iaea.org/PRIS/CountryStatistics/ReactorDetails.aspx?current=86
189,GERMANY,EMSLAND,PWR,Permanent Shutdown,2023,52.4742305555556,7.31785833333333,https://pris.iaea.org/PRIS/CountryStatistics/ReactorDetails.aspx?current=108
190,GERMANY,GRAFENRHEINFELD,PWR,Permanent Shutdown,2015,49.9840861111111,10.1846694444444,https://pris.iaea.org/PRIS/CountryStatistics/ReactorDetails.aspx?current=97
191,GERMANY,GREIFSWALD-1,PWR,Permanent Shutdown,1989,54.140586111,13.66442222,https://pris.iaea.org/PRIS/CountryStatistics/ReactorDetails.aspx?current=123
192,GERMANY,GREIFSWALD-2,PWR,Permanent Shutdown,1989,54.140586111,13.66442222,https://pris.iaea.org/PRIS/CountryStatistics/ReactorDetails.aspx?current=124
193,GERMANY,GREIFSWALD-3,PWR,Permanent Shutdown,1989,54.140586111,13.66442222,https://pris.iaea.org/PRIS/CountryStatistics/ReactorDetails.aspx?current=125
194,GERMANY,GREIFSWALD-4,PWR,Permanent Shutdown,1989,54.140586111,13.66442222,https://pris.iaea.org/PRIS/CountryStatistics/ReactorDetails.aspx?current=126
195,GERMANY,GROHNDE,PWR,Permanent Shutdown,2021,52.0352777777778,9.41333333333333,https://pris.iaea.org/PRIS/CountryStatistics/ReactorDetails.aspx?current=101
196,GERMANY,GUNDREMMINGEN-A,BWR,Permanent Shutdown,1977,48.5147222222222,10.4022222222222,https://pris.iaea.org/PRIS/CountryStatistics/ReactorDetails.aspx?current=104
197,GERMANY,GUNDREMMINGEN-B,BWR,Permanent Shutdown,2017,48.5147222222222,10.4022222222222,https://pris.iaea.org/PRIS/CountryStatistics/ReactorDetails.aspx?current=100
198,GERMANY,GUNDREMMINGEN-C,BWR,Permanent Shutdown,2021,48.5147222222222,10.4022222222222,https://pris.iaea.org/PRIS/CountryStatistics/ReactorDetails.aspx?current=102
199,GERMANY,HDR GROSSWELZHEIM,BWR,Decommissioning Completed,1971,50.0551446,8.9848691,https://pris.iaea.org/PRIS/CountryStatistics/ReactorDetails.aspx?current=134
200,GERMANY,ISAR-1,BWR,Permanent Shutdown,2011,48.6056055555556,12.29315,https://pris.iaea.org/PRIS/CountryStatistics/ReactorDetails.aspx?current=89
201,GERMANY,ISAR-2,PWR,Permanent Shutdown,2023,48.6056055555556,12.29315,https://pris.iaea.org/PRIS/CountryStatistics/ReactorDetails.aspx?current=106
202,GERMANY,KNK II,FBR,Permanent Shutdown,1991,49.0973279,8.4327739,https://pris.iaea.org/PRIS/CountryStatistics/ReactorDetails.aspx?current=135
203,GERMANY,KRUEMMEL,BWR,Permanent Shutdown,2009,53.41,10.4088888888889,https://pris.iaea.org/PRIS/CountryStatistics/ReactorDetails.aspx?current=94
204,GERMANY,LINGEN,BWR,Permanent Shutdown,1977,52.4831853,7.3005223,https://pris.iaea.org/PRIS/CountryStatistics/ReactorDetails.aspx?current=133
205,GERMANY,MUELHEIM-KAERLICH,PWR,Permanent Shutdown,1988,50.408,7.49,https://pris.iaea.org/PRIS/CountryStatistics/ReactorDetails.aspx?current=96
206,GERMANY,MZFR,PHWR,Permanent Shutdown,1984,49.1043102,8.4325862,https://pris.iaea.org/PRIS/CountryStatistics/ReactorDetails.aspx?current=93
207,GERMANY,NECKARWESTHEIM-1,PWR,Permanent Shutdown,2011,49.0416666666667,9.175,https://pris.iaea.org/PRIS/CountryStatistics/ReactorDetails.aspx?current=88
208,GERMANY,NECKARWESTHEIM-2,PWR,Permanent Shutdown,2023,49.0416666666667,9.175,https://pris.iaea.org/PRIS/CountryStatistics/ReactorDetails.aspx?current=119
209,GERMANY,NIEDERAICHBACH,HWGCR,Decommissioning Completed,1974,48.6058015,12.3000848,https://pris.iaea.org/PRIS/CountryStatistics/ReactorDetails.aspx?current=84
210,GERMANY,OBRIGHEIM,PWR,Permanent Shutdown,2005,49.3644444444444,9.07638888888889,https://pris.iaea.org/PRIS/CountryStatistics/ReactorDetails.aspx?current=121
211,GERMANY,PHILIPPSBURG-1,BWR,Permanent Shutdown,2011,49.2525,8.43638888888889,https://pris.iaea.org/PRIS/CountryStatistics/ReactorDetails.aspx?current=87
212,GERMANY,PHILIPPSBURG-2,PWR,Permanent Shutdown,2019,49.2525,8.43638888888889,https://pris.iaea.org/PRIS/CountryStatistics/ReactorDetails.aspx?current=98
213,GERMANY,STADE,PWR,Permanent Shutdown,2003,53.62,9.530833,https://pris.iaea.org/PRIS/CountryStatistics/ReactorDetails.aspx?current=83
214,GERMANY,THTR-300,HTGR,Permanent Shutdown,1988,51.6786228,7.9700232,https://pris.iaea.org/PRIS/CountryStatistics/ReactorDetails.aspx?current=92
215,GERMANY,UNTERWESER,PWR,Permanent Shutdown,2011,53.4277,8.48019722222222,https://pris.iaea.org/PRIS/CountryStatistics/ReactorDetails.aspx?current=90
216,GERMANY,VAK KAHL,BWR,Decommissioning Completed,1985,50.0591294,8.9871812,https://pris.iaea.org/PRIS/CountryStatistics/ReactorDetails.aspx?current=82
217,GERMANY,WUERGASSEN,BWR,Permanent Shutdown,1994,51.6333333333333,9.4,https://pris.iaea.org/PRIS/CountryStatistics/ReactorDetails.aspx?current=136
218,HUNGARY,PAKS-1,PWR,Operational,2023,46.5725,18.8541666666667,https://pris.iaea.org/PRIS/CountryStatistics/ReactorDetails.aspx?current=278
219,HUNGARY,PAKS-2,PWR,Operational,2023,46.5725,18.8541666666667,https://pris.iaea.org/PRIS/CountryStatistics/ReactorDetails.aspx?current=279
220,HUNGARY,PAKS-3,PWR,Operational,2023,46.5725,18.8541666666667,https://pris.iaea.org/PRIS/CountryStatistics/ReactorDetails.aspx?current=280
221,HUNGARY,PAKS-4,PWR,Operational,2023,46.5725,18.8541666666667,https://pris.iaea.org/PRIS/CountryStatistics/ReactorDetails.aspx?current=281
222,INDIA,KAIGA-1,PHWR,Operational,2023,14.8666666666667,74.4388888888889,https://pris.iaea.org/PRIS/CountryStatistics/ReactorDetails.aspx?current=289
223,INDIA,KAIGA-2,PHWR,Operational,2023,14.8666666666667,74.4388888888889,https://pris.iaea.org/PRIS/CountryStatistics/ReactorDetails.aspx?current=290
224,INDIA,KAIGA-3,PHWR,Operational,2023,14.8666666666667,74.4388888888889,https://pris.iaea.org/PRIS/CountryStatistics/ReactorDetails.aspx?current=291
225,INDIA,KAIGA-4,PHWR,Operational,2023,14.8666666666667,74.4388888888889,https://pris.iaea.org/PRIS/CountryStatistics/ReactorDetails.aspx?current=292
226,INDIA,KAKRAPAR-1,PHWR,Operational,2023,21.2386111111111,73.35,https://pris.iaea.org/PRIS/CountryStatistics/ReactorDetails.aspx?current=308
227,INDIA,KAKRAPAR-2,PHWR,Operational,2023,21.2386111111111,73.35,https://pris.iaea.org/PRIS/CountryStatistics/ReactorDetails.aspx?current=286
228,INDIA,KAKRAPAR-3,PHWR,Operational,2023,21.2386111111111,73.35,https://pris.iaea.org/PRIS/CountryStatistics/ReactorDetails.aspx?current=986
229,INDIA,KUDANKULAM-1,PWR,Operational,2023,8.15988,77.7144,https://pris.iaea.org/PRIS/CountryStatistics/ReactorDetails.aspx?current=852
230,INDIA,KUDANKULAM-2,PWR,Operational,2023,8.15988,77.7144,https://pris.iaea.org/PRIS/CountryStatistics/ReactorDetails.aspx?current=853
231,INDIA,MADRAS-1,PHWR,Suspended Operation,2018,12.5583333333333,80.175,https://pris.iaea.org/PRIS/CountryStatistics/ReactorDetails.aspx?current=304
232,INDIA,MADRAS-2,PHWR,Operational,2023,12.5583333333333,80.175,https://pris.iaea.org/PRIS/CountryStatistics/ReactorDetails.aspx?current=305
233,INDIA,NARORA-1,PHWR,Operational,2023,28.1583333333333,78.4083333333333,https://pris.iaea.org/PRIS/CountryStatistics/ReactorDetails.aspx?current=306
234,INDIA,NARORA-2,PHWR,Operational,2023,28.1583333333333,78.4083333333333,https://pris.iaea.org/PRIS/CountryStatistics/ReactorDetails.aspx?current=307
235,INDIA,RAJASTHAN-1,PHWR,Suspended Operation,2004,24.8722222222222,75.6138888888889,https://pris.iaea.org/PRIS/CountryStatistics/ReactorDetails.aspx?current=302
236,INDIA,RAJASTHAN-2,PHWR,Operational,2023,24.8722222222222,75.6138888888889,https://pris.iaea.org/PRIS/CountryStatistics/ReactorDetails.aspx?current=303
237,INDIA,RAJASTHAN-3,PHWR,Operational,2022,24.8722222222222,75.6138888888889,https://pris.iaea.org/PRIS/CountryStatistics/ReactorDetails.aspx?current=287
238,INDIA,RAJASTHAN-4,PHWR,Operational,2023,24.8722222222222,75.6138888888889,https://pris.iaea.org/PRIS/CountryStatistics/ReactorDetails.aspx?current=288
239,INDIA,RAJASTHAN-5,PHWR,Operational,2023,24.8722222222222,75.6138888888889,https://pris.iaea.org/PRIS/CountryStatistics/ReactorDetails.aspx?current=295
240,INDIA,RAJASTHAN-6,PHWR,Operational,2023,24.8722222222222,75.6138888888889,https://pris.iaea.org/PRIS/CountryStatistics/ReactorDetails.aspx?current=297
241,INDIA,TARAPUR-1,BWR,Suspended Operation,2020,19.8277777777778,72.6611111111111,https://pris.iaea.org/PRIS/CountryStatistics/ReactorDetails.aspx?current=285
242,INDIA,TARAPUR-2,BWR,Suspended Operation,2020,19.8277777777778,72.6611111111111,https://pris.iaea.org/PRIS/CountryStatistics/ReactorDetails.aspx?current=296
243,INDIA,TARAPUR-3,PHWR,Operational,2023,19.8277777777778,72.6611111111111,https://pris.iaea.org/PRIS/CountryStatistics/ReactorDetails.aspx?current=300
244,INDIA,TARAPUR-4,PHWR,Operational,2023,19.8277777777778,72.6611111111111,https://pris.iaea.org/PRIS/CountryStatistics/ReactorDetails.aspx?current=301
245,"IRAN, ISLAMIC REPUBLIC OF",BUSHEHR-1,PWR,Operational,2023,28.829622,50.8859611,https://pris.iaea.org/PRIS/CountryStatistics/ReactorDetails.aspx?current=310
246,ITALY,CAORSO,BWR,Permanent Shutdown,1986,45.0721,9.8721,https://pris.iaea.org/PRIS/CountryStatistics/ReactorDetails.aspx?current=327
247,ITALY,ENRICO FERMI,PWR,Permanent Shutdown,1987,45.1840944444445,8.27755555555556,https://pris.iaea.org/PRIS/CountryStatistics/ReactorDetails.aspx?current=326
248,ITALY,GARIGLIANO,BWR,Permanent Shutdown,1978,41.258447,13.834534,https://pris.iaea.org/PRIS/CountryStatistics/ReactorDetails.aspx?current=325
249,ITALY,LATINA,GCR,Permanent Shutdown,1986,41.4333333333333,12.8,https://pris.iaea.org/PRIS/CountryStatistics/ReactorDetails.aspx?current=318
250,JAPAN,FUGEN ATR,HWLWR,Permanent Shutdown,2003,35.7544444444444,136.016388888889,https://pris.iaea.org/PRIS/CountryStatistics/ReactorDetails.aspx?current=345
251,JAPAN,FUKUSHIMA-DAIICHI-1,BWR,Permanent Shutdown,2011,37.4213888888889,141.0325,https://pris.iaea.org/PRIS/CountryStatistics/ReactorDetails.aspx?current=377
252,JAPAN,FUKUSHIMA-DAIICHI-2,BWR,Permanent Shutdown,2011,37.4213888888889,141.0325,https://pris.iaea.org/PRIS/CountryStatistics/ReactorDetails.aspx?current=389
253,JAPAN,FUKUSHIMA-DAIICHI-3,BWR,Permanent Shutdown,2011,37.4213888888889,141.0325,https://pris.iaea.org/PRIS/CountryStatistics/ReactorDetails.aspx?current=334
254,JAPAN,FUKUSHIMA-DAIICHI-4,BWR,Permanent Shutdown,2010,37.4213888888889,141.0325,https://pris.iaea.org/PRIS/CountryStatistics/ReactorDetails.aspx?current=340
255,JAPAN,FUKUSHIMA-DAIICHI-5,BWR,Permanent Shutdown,2011,37.4213888888889,141.0325,https://pris.iaea.org/PRIS/CountryStatistics/ReactorDetails.aspx?current=341
256,JAPAN,FUKUSHIMA-DAIICHI-6,BWR,Permanent Shutdown,2010,37.4213888888889,141.0325,https://pris.iaea.org/PRIS/CountryStatistics/ReactorDetails.aspx?current=342
257,JAPAN,FUKUSHIMA-DAINI-1,BWR,Permanent Shutdown,2011,37.3194444444444,141.021111111111,https://pris.iaea.org/PRIS/CountryStatistics/ReactorDetails.aspx?current=350
258,JAPAN,FUKUSHIMA-DAINI-2,BWR,Permanent Shutdown,2011,37.3194444444444,141.021111111111,https://pris.iaea.org/PRIS/CountryStatistics/ReactorDetails.aspx?current=351
259,JAPAN,FUKUSHIMA-DAINI-3,BWR,Permanent Shutdown,2011,37.3194444444444,141.021111111111,https://pris.iaea.org/PRIS/CountryStatistics/ReactorDetails.aspx?current=361
260,JAPAN,FUKUSHIMA-DAINI-4,BWR,Permanent Shutdown,2011,37.3194444444444,141.021111111111,https://pris.iaea.org/PRIS/CountryStatistics/ReactorDetails.aspx?current=364
261,JAPAN,GENKAI-1,PWR,Permanent Shutdown,2011,33.5155555555556,129.837222222222,https://pris.iaea.org/PRIS/CountryStatistics/ReactorDetails.aspx?current=336
262,JAPAN,GENKAI-2,PWR,Permanent Shutdown,2011,33.5155555555556,129.837222222222,https://pris.iaea.org/PRIS/CountryStatistics/ReactorDetails.aspx?current=352
263,JAPAN,GENKAI-3,PWR,Operational,2023,33.5155555555556,129.837222222222,https://pris.iaea.org/PRIS/CountryStatistics/ReactorDetails.aspx?current=372
264,JAPAN,GENKAI-4,PWR,Operational,2023,33.5155555555556,129.837222222222,https://pris.iaea.org/PRIS/CountryStatistics/ReactorDetails.aspx?current=373
265,JAPAN,HAMAOKA-1,BWR,Permanent Shutdown,2001,34.6236111111111,138.1425,https://pris.iaea.org/PRIS/CountryStatistics/ReactorDetails.aspx?current=335
266,JAPAN,HAMAOKA-2,BWR,Permanent Shutdown,2004,34.6236111111111,138.1425,https://pris.iaea.org/PRIS/CountryStatistics/ReactorDetails.aspx?current=349
267,JAPAN,HAMAOKA-3,BWR,Suspended Operation,2010,34.6236111111111,138.1425,https://pris.iaea.org/PRIS/CountryStatistics/ReactorDetails.aspx?current=362
268,JAPAN,HAMAOKA-4,BWR,Suspended Operation,2011,34.6236111111111,138.1425,https://pris.iaea.org/PRIS/CountryStatistics/ReactorDetails.aspx?current=376
269,JAPAN,HAMAOKA-5,BWR,Suspended Operation,2011,34.6236111111111,138.1425,https://pris.iaea.org/PRIS/CountryStatistics/ReactorDetails.aspx?current=843
270,JAPAN,HIGASHI DORI-1 (TOHOKU),BWR,Suspended Operation,2011,41.1880555555556,141.390277777778,https://pris.iaea.org/PRIS/CountryStatistics/ReactorDetails.aspx?current=841
271,JAPAN,IKATA-1,PWR,Permanent Shutdown,2011,33.4908333333333,132.311388888889,https://pris.iaea.org/PRIS/CountryStatistics/ReactorDetails.aspx?current=348
272,JAPAN,IKATA-2,PWR,Permanent Shutdown,2012,33.4908333333333,132.311388888889,https://pris.iaea.org/PRIS/CountryStatistics/ReactorDetails.aspx?current=358
273,JAPAN,IKATA-3,PWR,Operational,2023,33.4908333333333,132.311388888889,https://pris.iaea.org/PRIS/CountryStatistics/ReactorDetails.aspx?current=374
274,JAPAN,JPDR,BWR,Permanent Shutdown,1976,36.4663888888889,140.606666666667,https://pris.iaea.org/PRIS/CountryStatistics/ReactorDetails.aspx?current=333
275,JAPAN,KASHIWAZAKI KARIWA-1,BWR,Suspended Operation,2011,37.4283333333333,138.601666666667,https://pris.iaea.org/PRIS/CountryStatistics/ReactorDetails.aspx?current=359
276,JAPAN,KASHIWAZAKI KARIWA-2,BWR,Suspended Operation,2007,37.4283333333333,138.601666666667,https://pris.iaea.org/PRIS/CountryStatistics/ReactorDetails.aspx?current=365
277,JAPAN,KASHIWAZAKI KARIWA-3,BWR,Suspended Operation,2007,37.4283333333333,138.601666666667,https://pris.iaea.org/PRIS/CountryStatistics/ReactorDetails.aspx?current=380
278,JAPAN,KASHIWAZAKI KARIWA-4,BWR,Suspended Operation,2007,37.4283333333333,138.601666666667,https://pris.iaea.org/PRIS/CountryStatistics/ReactorDetails.aspx?current=381
279,JAPAN,KASHIWAZAKI KARIWA-5,BWR,Suspended Operation,2012,37.4283333333333,138.601666666667,https://pris.iaea.org/PRIS/CountryStatistics/ReactorDetails.aspx?current=367
280,JAPAN,KASHIWAZAKI KARIWA-6,BWR,Suspended Operation,2012,37.4283333333333,138.601666666667,https://pris.iaea.org/PRIS/CountryStatistics/ReactorDetails.aspx?current=383
281,JAPAN,KASHIWAZAKI KARIWA-7,BWR,Suspended Operation,2011,37.4283333333333,138.601666666667,https://pris.iaea.org/PRIS/CountryStatistics/ReactorDetails.aspx?current=384
282,JAPAN,MIHAMA-1,PWR,Permanent Shutdown,2010,35.7024,135.9634,https://pris.iaea.org/PRIS/CountryStatistics/ReactorDetails.aspx?current=366
283,JAPAN,MIHAMA-2,PWR,Permanent Shutdown,2011,35.7024,135.9634,https://pris.iaea.org/PRIS/CountryStatistics/ReactorDetails.aspx?current=386
284,JAPAN,MIHAMA-3,PWR,Operational,2023,35.7024,135.9634,https://pris.iaea.org/PRIS/CountryStatistics/ReactorDetails.aspx?current=338
285,JAPAN,OHI-1,PWR,Permanent Shutdown,2011,35.5405555555556,135.651944444444,https://pris.iaea.org/PRIS/CountryStatistics/ReactorDetails.aspx?current=339
286,JAPAN,OHI-2,PWR,Permanent Shutdown,2011,35.5405555555556,135.651944444444,https://pris.iaea.org/PRIS/CountryStatistics/ReactorDetails.aspx?current=343
287,JAPAN,OHI-3,PWR,Operational,2023,35.5405555555556,135.651944444444,https://pris.iaea.org/PRIS/CountryStatistics/ReactorDetails.aspx?current=378
288,JAPAN,OHI-4,PWR,Operational,2023,35.5405555555556,135.651944444444,https://pris.iaea.org/PRIS/CountryStatistics/ReactorDetails.aspx?current=379
289,JAPAN,ONAGAWA-1,BWR,Permanent Shutdown,2011,38.4011111111111,141.499722222222,https://pris.iaea.org/PRIS/CountryStatistics/ReactorDetails.aspx?current=347
290,JAPAN,ONAGAWA-2,BWR,Suspended Operation,2010,38.4011111111111,141.499722222222,https://pris.iaea.org/PRIS/CountryStatistics/ReactorDetails.aspx?current=382
291,JAPAN,ONAGAWA-3,BWR,Suspended Operation,2011,38.4011111111111,141.499722222222,https://pris.iaea.org/PRIS/CountryStatistics/ReactorDetails.aspx?current=385
292,JAPAN,SENDAI-1,PWR,Operational,2023,31.8336111111111,130.189722222222,https://pris.iaea.org/PRIS/CountryStatistics/ReactorDetails.aspx?current=353
293,JAPAN,SENDAI-2,PWR,Operational,2023,31.8336111111111,130.189722222222,https://pris.iaea.org/PRIS/CountryStatistics/ReactorDetails.aspx?current=363
294,JAPAN,SHIKA-1,BWR,Suspended Operation,2011,37.0611111111111,136.726388888889,https://pris.iaea.org/PRIS/CountryStatistics/ReactorDetails.aspx?current=375
295,JAPAN,SHIKA-2,BWR,Suspended Operation,2011,37.0611111111111,136.726388888889,https://pris.iaea.org/PRIS/CountryStatistics/ReactorDetails.aspx?current=842
296,JAPAN,SHIMANE-1,BWR,Permanent Shutdown,2010,35.5383333333333,132.999166666667,https://pris.iaea.org/PRIS/CountryStatistics/ReactorDetails.aspx?current=387
297,JAPAN,SHIMANE-2,BWR,Suspended Operation,2012,35.5383333333333,132.999166666667,https://pris.iaea.org/PRIS/CountryStatistics/ReactorDetails.aspx?current=368
298,JAPAN,TAKAHAMA-1,PWR,Operational,2023,35.5222222222222,135.504722222222,https://pris.iaea.org/PRIS/CountryStatistics/ReactorDetails.aspx?current=388
299,JAPAN,TAKAHAMA-2,PWR,Operational,2023,35.5222222222222,135.504722222222,https://pris.iaea.org/PRIS/CountryStatistics/ReactorDetails.aspx?current=337
300,JAPAN,TAKAHAMA-3,PWR,Operational,2023,35.5222222222222,135.504722222222,https://pris.iaea.org/PRIS/CountryStatistics/ReactorDetails.aspx?current=354
301,JAPAN,TAKAHAMA-4,PWR,Operational,2023,35.5222222222222,135.504722222222,https://pris.iaea.org/PRIS/CountryStatistics/ReactorDetails.aspx?current=356
302,JAPAN,TOKAI-1,GCR,Permanent Shutdown,1998,36.4663888888889,140.606666666667,https://pris.iaea.org/PRIS/CountryStatistics/ReactorDetails.aspx?current=344
303,JAPAN,TOKAI-2,BWR,Suspended Operation,2011,36.4663888888889,140.606666666667,https://pris.iaea.org/PRIS/CountryStatistics/ReactorDetails.aspx?current=346
304,JAPAN,TOMARI-1,PWR,Suspended Operation,2011,43.0361111111111,140.5125,https://pris.iaea.org/PRIS/CountryStatistics/ReactorDetails.aspx?current=370
305,JAPAN,TOMARI-2,PWR,Suspended Operation,2011,43.0361111111111,140.5125,https://pris.iaea.org/PRIS/CountryStatistics/ReactorDetails.aspx?current=371
306,JAPAN,TOMARI-3,PWR,Suspended Operation,2012,43.0361111111111,140.5125,https://pris.iaea.org/PRIS/CountryStatistics/ReactorDetails.aspx?current=856
307,JAPAN,TSURUGA-1,BWR,Permanent Shutdown,2011,35.6727,136.0774,https://pris.iaea.org/PRIS/CountryStatistics/ReactorDetails.aspx?current=355
308,JAPAN,TSURUGA-2,PWR,Suspended Operation,2011,35.6727,136.0774,https://pris.iaea.org/PRIS/CountryStatistics/ReactorDetails.aspx?current=360
309,KAZAKHSTAN,AKTAU,FBR,Permanent Shutdown,1998,43.607,51.283,https://pris.iaea.org/PRIS/CountryStatistics/ReactorDetails.aspx?current=414
310,"KOREA, REPUBLIC OF",HANBIT-1,PWR,Operational,2023,35.4144,126.418,https://pris.iaea.org/PRIS/CountryStatistics/ReactorDetails.aspx?current=411
311,"KOREA, REPUBLIC OF",HANBIT-2,PWR,Operational,2023,35.4144,126.418,https://pris.iaea.org/PRIS/CountryStatistics/ReactorDetails.aspx?current=412
312,"KOREA, REPUBLIC OF",HANBIT-3,PWR,Operational,2023,35.4144,126.418,https://pris.iaea.org/PRIS/CountryStatistics/ReactorDetails.aspx?current=396
313,"KOREA, REPUBLIC OF",HANBIT-4,PWR,Operational,2023,35.4144,126.418,https://pris.iaea.org/PRIS/CountryStatistics/ReactorDetails.aspx?current=397
314,"KOREA, REPUBLIC OF",HANBIT-5,PWR,Operational,2023,35.4144,126.418,https://pris.iaea.org/PRIS/CountryStatistics/ReactorDetails.aspx?current=402
315,"KOREA, REPUBLIC OF",HANBIT-6,PWR,Operational,2023,35.4144,126.418,https://pris.iaea.org/PRIS/CountryStatistics/ReactorDetails.aspx?current=403
316,"KOREA, REPUBLIC OF",HANUL-1,PWR,Operational,2023,37.0931,129.384,https://pris.iaea.org/PRIS/CountryStatistics/ReactorDetails.aspx?current=413
317,"KOREA, REPUBLIC OF",HANUL-2,PWR,Operational,2023,37.0931,129.384,https://pris.iaea.org/PRIS/CountryStatistics/ReactorDetails.aspx?current=395
318,"KOREA, REPUBLIC OF",HANUL-3,PWR,Operational,2023,37.0931,129.384,https://pris.iaea.org/PRIS/CountryStatistics/ReactorDetails.aspx?current=398
319,"KOREA, REPUBLIC OF",HANUL-4,PWR,Operational,2023,37.0931,129.384,https://pris.iaea.org/PRIS/CountryStatistics/ReactorDetails.aspx?current=399
320,"KOREA, REPUBLIC OF",HANUL-5,PWR,Operational,2023,37.0931,129.384,https://pris.iaea.org/PRIS/CountryStatistics/ReactorDetails.aspx?current=404
321,"KOREA, REPUBLIC OF",HANUL-6,PWR,Operational,2023,37.0931,129.384,https://pris.iaea.org/PRIS/CountryStatistics/ReactorDetails.aspx?current=406
322,"KOREA, REPUBLIC OF",KORI-1,PWR,Permanent Shutdown,2017,35.317,129.3,https://pris.iaea.org/PRIS/CountryStatistics/ReactorDetails.aspx?current=394
323,"KOREA, REPUBLIC OF",KORI-2,PWR,Operational,2023,35.317,129.3,https://pris.iaea.org/PRIS/CountryStatistics/ReactorDetails.aspx?current=405
324,"KOREA, REPUBLIC OF",KORI-3,PWR,Operational,2023,35.317,129.3,https://pris.iaea.org/PRIS/CountryStatistics/ReactorDetails.aspx?current=409
325,"KOREA, REPUBLIC OF",KORI-4,PWR,Operational,2023,35.317,129.3,https://pris.iaea.org/PRIS/CountryStatistics/ReactorDetails.aspx?current=410
326,"KOREA, REPUBLIC OF",SAEUL-1 ,PWR,Operational,2023,35.53722,129.31667,https://pris.iaea.org/PRIS/CountryStatistics/ReactorDetails.aspx?current=885
327,"KOREA, REPUBLIC OF",SAEUL-2,PWR,Operational,2023,35.53722,129.31667,https://pris.iaea.org/PRIS/CountryStatistics/ReactorDetails.aspx?current=886
328,"KOREA, REPUBLIC OF",SHIN-HANUL-1,PWR,Operational,2023,36.9930661,129.4004195,https://pris.iaea.org/PRIS/CountryStatistics/ReactorDetails.aspx?current=887
329,"KOREA, REPUBLIC OF",SHIN-KORI-1,PWR,Operational,2023,35.317,129.3,https://pris.iaea.org/PRIS/CountryStatistics/ReactorDetails.aspx?current=864
330,"KOREA, REPUBLIC OF",SHIN-KORI-2,PWR,Operational,2023,35.317,129.3,https://pris.iaea.org/PRIS/CountryStatistics/ReactorDetails.aspx?current=865
331,"KOREA, REPUBLIC OF",SHIN-WOLSONG-1,PWR,Operational,2023,35.7102,129.476,https://pris.iaea.org/PRIS/CountryStatistics/ReactorDetails.aspx?current=883
332,"KOREA, REPUBLIC OF",SHIN-WOLSONG-2,PWR,Operational,2023,35.7102,129.476,https://pris.iaea.org/PRIS/CountryStatistics/ReactorDetails.aspx?current=884
333,"KOREA, REPUBLIC OF",WOLSONG-1,PHWR,Permanent Shutdown,2017,35.7102,129.476,https://pris.iaea.org/PRIS/CountryStatistics/ReactorDetails.aspx?current=407
334,"KOREA, REPUBLIC OF",WOLSONG-2,PHWR,Operational,2023,35.7102,129.476,https://pris.iaea.org/PRIS/CountryStatistics/ReactorDetails.aspx?current=408
335,"KOREA, REPUBLIC OF",WOLSONG-3,PHWR,Operational,2023,35.7102,129.476,https://pris.iaea.org/PRIS/CountryStatistics/ReactorDetails.aspx?current=400
336,"KOREA, REPUBLIC OF",WOLSONG-4,PHWR,Operational,2023,35.7102,129.476,https://pris.iaea.org/PRIS/CountryStatistics/ReactorDetails.aspx?current=401
337,LITHUANIA,IGNALINA-1,LWGR,Permanent Shutdown,2004,55.6044444444445,26.56,https://pris.iaea.org/PRIS/CountryStatistics/ReactorDetails.aspx?current=415
338,LITHUANIA,IGNALINA-2,LWGR,Permanent Shutdown,2009,55.6044444444445,26.56,https://pris.iaea.org/PRIS/CountryStatistics/ReactorDetails.aspx?current=416
339,MEXICO,LAGUNA VERDE-1,BWR,Operational,2023,19.7208333333333,-96.4063888888889,https://pris.iaea.org/PRIS/CountryStatistics/ReactorDetails.aspx?current=420
340,MEXICO,LAGUNA VERDE-2,BWR,Operational,2023,19.7208333333333,-96.4063888888889,https://pris.iaea.org/PRIS/CountryStatistics/ReactorDetails.aspx?current=421
341,"NETHERLANDS, KINGDOM OF THE",BORSSELE,PWR,Operational,2023,51.4308333333333,3.71833333333333,https://pris.iaea.org/PRIS/CountryStatistics/ReactorDetails.aspx?current=423
342,"NETHERLANDS, KINGDOM OF THE",DODEWAARD,BWR,Permanent Shutdown,1997,51.8997222222222,5.68611111111111,https://pris.iaea.org/PRIS/CountryStatistics/ReactorDetails.aspx?current=422
343,PAKISTAN,CHASNUPP-1,PWR,Operational,2023,32.391825,71.4617638888889,https://pris.iaea.org/PRIS/CountryStatistics/ReactorDetails.aspx?current=428
344,PAKISTAN,CHASNUPP-2,PWR,Operational,2023,32.391825,71.4617638888889,https://pris.iaea.org/PRIS/CountryStatistics/ReactorDetails.aspx?current=429
345,PAKISTAN,CHASNUPP-3,PWR,Operational,2023,32.391825,71.4617638888889,https://pris.iaea.org/PRIS/CountryStatistics/ReactorDetails.aspx?current=1044
346,PAKISTAN,CHASNUPP-4,PWR,Operational,2023,32.391825,71.4617638888889,https://pris.iaea.org/PRIS/CountryStatistics/ReactorDetails.aspx?current=1045
347,PAKISTAN,KANUPP-1,PHWR,Permanent Shutdown,2021,24.8333333333333,66.7833333333333,https://pris.iaea.org/PRIS/CountryStatistics/ReactorDetails.aspx?current=427
348,PAKISTAN,KANUPP-2,PWR,Operational,2023,24.8333333333333,66.7833333333333,https://pris.iaea.org/PRIS/CountryStatistics/ReactorDetails.aspx?current=1067
349,PAKISTAN,KANUPP-3,PWR,Operational,2023,24.8333333333333,66.7833333333333,https://pris.iaea.org/PRIS/CountryStatistics/ReactorDetails.aspx?current=1068
350,ROMANIA,CERNAVODA-1,PHWR,Operational,2023,44.3222222222222,28.0572222222222,https://pris.iaea.org/PRIS/CountryStatistics/ReactorDetails.aspx?current=442
351,ROMANIA,CERNAVODA-2,PHWR,Operational,2023,44.3222222222222,28.0572222222222,https://pris.iaea.org/PRIS/CountryStatistics/ReactorDetails.aspx?current=443
352,RUSSIA,AKADEMIK LOMONOSOV-1,PWR,Operational,2023,69.7029,170.2999,https://pris.iaea.org/PRIS/CountryStatistics/ReactorDetails.aspx?current=895
353,RUSSIA,AKADEMIK LOMONOSOV-2,PWR,Operational,2023,69.7029,170.2999,https://pris.iaea.org/PRIS/CountryStatistics/ReactorDetails.aspx?current=896
354,RUSSIA,BALAKOVO-1,PWR,Operational,2023,52.0912,47.9553,https://pris.iaea.org/PRIS/CountryStatistics/ReactorDetails.aspx?current=524
355,RUSSIA,BALAKOVO-2,PWR,Operational,2023,52.0912,47.9553,https://pris.iaea.org/PRIS/CountryStatistics/ReactorDetails.aspx?current=525
356,RUSSIA,BALAKOVO-3,PWR,Operational,2023,52.0912,47.9553,https://pris.iaea.org/PRIS/CountryStatistics/ReactorDetails.aspx?current=526
357,RUSSIA,BALAKOVO-4,PWR,Operational,2023,52.0912,47.9553,https://pris.iaea.org/PRIS/CountryStatistics/ReactorDetails.aspx?current=527
358,RUSSIA,BELOYARSK-2,LWGR,Permanent Shutdown,1989,56.8416,61.3224,https://pris.iaea.org/PRIS/CountryStatistics/ReactorDetails.aspx?current=503
359,RUSSIA,BELOYARSK-3,FBR,Operational,2023,56.8416,61.3224,https://pris.iaea.org/PRIS/CountryStatistics/ReactorDetails.aspx?current=484
360,RUSSIA,BELOYARSK-4,FBR,Operational,2023,56.8416,61.3224,https://pris.iaea.org/PRIS/CountryStatistics/ReactorDetails.aspx?current=451
361,RUSSIA,BILIBINO-1,LWGR,Permanent Shutdown,2018,68.0666666666667,166.45,https://pris.iaea.org/PRIS/CountryStatistics/ReactorDetails.aspx?current=467
362,RUSSIA,BILIBINO-2,LWGR,Operational,2023,68.0666666666667,166.45,https://pris.iaea.org/PRIS/CountryStatistics/ReactorDetails.aspx?current=468
363,RUSSIA,BILIBINO-3,LWGR,Operational,2023,68.0666666666667,166.45,https://pris.iaea.org/PRIS/CountryStatistics/ReactorDetails.aspx?current=469
364,RUSSIA,BILIBINO-4,LWGR,Operational,2023,68.0666666666667,166.45,https://pris.iaea.org/PRIS/CountryStatistics/ReactorDetails.aspx?current=470
365,RUSSIA,KALININ-1,PWR,Operational,2023,57.9055555555556,35.0602777777778,https://pris.iaea.org/PRIS/CountryStatistics/ReactorDetails.aspx?current=489
366,RUSSIA,KALININ-2,PWR,Operational,2023,57.9055555555556,35.0602777777778,https://pris.iaea.org/PRIS/CountryStatistics/ReactorDetails.aspx?current=490
367,RUSSIA,KALININ-3,PWR,Operational,2023,57.9055555555556,35.0602777777778,https://pris.iaea.org/PRIS/CountryStatistics/ReactorDetails.aspx?current=495
368,RUSSIA,KALININ-4,PWR,Operational,2023,57.9055555555556,35.0602777777778,https://pris.iaea.org/PRIS/CountryStatistics/ReactorDetails.aspx?current=496
369,RUSSIA,KOLA-1,PWR,Operational,2023,67.4666666666667,32.4666666666667,https://pris.iaea.org/PRIS/CountryStatistics/ReactorDetails.aspx?current=453
370,RUSSIA,KOLA-2,PWR,Operational,2023,67.4666666666667,32.4666666666667,https://pris.iaea.org/PRIS/CountryStatistics/ReactorDetails.aspx?current=460
371,RUSSIA,KOLA-3,PWR,Operational,2023,67.4666666666667,32.4666666666667,https://pris.iaea.org/PRIS/CountryStatistics/ReactorDetails.aspx?current=491
372,RUSSIA,KOLA-4,PWR,Operational,2023,67.4666666666667,32.4666666666667,https://pris.iaea.org/PRIS/CountryStatistics/ReactorDetails.aspx?current=492
373,RUSSIA,KURSK-1,LWGR,Permanent Shutdown,2021,51.675,35.6055555555556,https://pris.iaea.org/PRIS/CountryStatistics/ReactorDetails.aspx?current=476
374,RUSSIA,KURSK-2,LWGR,Permanent Shutdown,2023,51.675,35.6055555555556,https://pris.iaea.org/PRIS/CountryStatistics/ReactorDetails.aspx?current=485
375,RUSSIA,KURSK-3,LWGR,Operational,2023,51.675,35.6055555555556,https://pris.iaea.org/PRIS/CountryStatistics/ReactorDetails.aspx?current=497
376,RUSSIA,KURSK-4,LWGR,Operational,2023,51.675,35.6055555555556,https://pris.iaea.org/PRIS/CountryStatistics/ReactorDetails.aspx?current=498
377,RUSSIA,LENINGRAD 2-1,PWR,Operational,2023,59.8472222222222,29.0436111111111,https://pris.iaea.org/PRIS/CountryStatistics/ReactorDetails.aspx?current=900
378,RUSSIA,LENINGRAD 2-2,PWR,Operational,2023,59.8472222222222,29.0436111111111,https://pris.iaea.org/PRIS/CountryStatistics/ReactorDetails.aspx?current=901
379,RUSSIA,LENINGRAD-1,LWGR,Permanent Shutdown,2018,59.8472222222222,29.0436111111111,https://pris.iaea.org/PRIS/CountryStatistics/ReactorDetails.aspx?current=474
380,RUSSIA,LENINGRAD-2,LWGR,Permanent Shutdown,2020,59.8472222222222,29.0436111111111,https://pris.iaea.org/PRIS/CountryStatistics/ReactorDetails.aspx?current=475
381,RUSSIA,LENINGRAD-3,LWGR,Operational,2023,59.8472222222222,29.0436111111111,https://pris.iaea.org/PRIS/CountryStatistics/ReactorDetails.aspx?current=493
382,RUSSIA,LENINGRAD-4,LWGR,Operational,2023,59.8472222222222,29.0436111111111,https://pris.iaea.org/PRIS/CountryStatistics/ReactorDetails.aspx?current=494
383,RUSSIA,NOVOVORONEZH 2-1,PWR,Operational,2023,51.275,39.2,https://pris.iaea.org/PRIS/CountryStatistics/ReactorDetails.aspx?current=898
384,RUSSIA,NOVOVORONEZH 2-2,PWR,Operational,2023,51.275,39.2,https://pris.iaea.org/PRIS/CountryStatistics/ReactorDetails.aspx?current=899
385,RUSSIA,NOVOVORONEZH-2,PWR,Permanent Shutdown,1990,51.275,39.2,https://pris.iaea.org/PRIS/CountryStatistics/ReactorDetails.aspx?current=513
386,RUSSIA,NOVOVORONEZH-3,PWR,Permanent Shutdown,2016,51.275,39.2,https://pris.iaea.org/PRIS/CountryStatistics/ReactorDetails.aspx?current=519
387,RUSSIA,NOVOVORONEZH-4,PWR,Operational,2023,51.275,39.2,https://pris.iaea.org/PRIS/CountryStatistics/ReactorDetails.aspx?current=448
388,RUSSIA,NOVOVORONEZH-5,PWR,Operational,2023,51.275,39.2,https://pris.iaea.org/PRIS/CountryStatistics/ReactorDetails.aspx?current=483
389,RUSSIA,ROSTOV-1,PWR,Operational,2023,47.59934167,42.371878,https://pris.iaea.org/PRIS/CountryStatistics/ReactorDetails.aspx?current=502
390,RUSSIA,ROSTOV-2,PWR,Operational,2023,47.59934167,42.371878,https://pris.iaea.org/PRIS/CountryStatistics/ReactorDetails.aspx?current=505
391,RUSSIA,ROSTOV-3,PWR,Operational,2023,47.59934167,42.371878,https://pris.iaea.org/PRIS/CountryStatistics/ReactorDetails.aspx?current=506
392,RUSSIA,ROSTOV-4,PWR,Operational,2023,47.59934167,42.371878,https://pris.iaea.org/PRIS/CountryStatistics/ReactorDetails.aspx?current=507
393,RUSSIA,SMOLENSK-1,LWGR,Operational,2023,54.1691611111111,33.2466361111111,https://pris.iaea.org/PRIS/CountryStatistics/ReactorDetails.aspx?current=486
394,RUSSIA,SMOLENSK-2,LWGR,Operational,2023,54.1691611111111,33.2466361111111,https://pris.iaea.org/PRIS/CountryStatistics/ReactorDetails.aspx?current=487
395,RUSSIA,SMOLENSK-3,LWGR,Operational,2023,54.1691611111111,33.2466361111111,https://pris.iaea.org/PRIS/CountryStatistics/ReactorDetails.aspx?current=508
396,SLOVAKIA,BOHUNICE A1,HWGCR,Permanent Shutdown,1977,48.4942,17.6791,https://pris.iaea.org/PRIS/CountryStatistics/ReactorDetails.aspx?current=543
397,SLOVAKIA,BOHUNICE-1,PWR,Permanent Shutdown,2006,48.4942,17.6791,https://pris.iaea.org/PRIS/CountryStatistics/ReactorDetails.aspx?current=548
398,SLOVAKIA,BOHUNICE-2,PWR,Permanent Shutdown,2008,48.4942,17.6791,https://pris.iaea.org/PRIS/CountryStatistics/ReactorDetails.aspx?current=549
399,SLOVAKIA,BOHUNICE-3,PWR,Operational,2023,48.4942,17.6791,https://pris.iaea.org/PRIS/CountryStatistics/ReactorDetails.aspx?current=546
400,SLOVAKIA,BOHUNICE-4,PWR,Operational,2023,48.4942,17.6791,https://pris.iaea.org/PRIS/CountryStatistics/ReactorDetails.aspx?current=547
401,SLOVAKIA,MOCHOVCE-1,PWR,Operational,2023,48.2638888888889,18.4569444444444,https://pris.iaea.org/PRIS/CountryStatistics/ReactorDetails.aspx?current=550
402,SLOVAKIA,MOCHOVCE-2,PWR,Operational,2023,48.2638888888889,18.4569444444444,https://pris.iaea.org/PRIS/CountryStatistics/ReactorDetails.aspx?current=551
403,SLOVAKIA,MOCHOVCE-3,PWR,Operational,2023,48.2638888888889,18.4569444444444,https://pris.iaea.org/PRIS/CountryStatistics/ReactorDetails.aspx?current=544
404,SLOVENIA,KRSKO,PWR,Operational,2023,45.9383333333333,15.5155555555556,https://pris.iaea.org/PRIS/CountryStatistics/ReactorDetails.aspx?current=542
405,SOUTH AFRICA,KOEBERG-1,PWR,Operational,2023,-33.6666666666667,18.4166666666667,https://pris.iaea.org/PRIS/CountryStatistics/ReactorDetails.aspx?current=836
406,SOUTH AFRICA,KOEBERG-2,PWR,Operational,2023,-33.6666666666667,18.4166666666667,https://pris.iaea.org/PRIS/CountryStatistics/ReactorDetails.aspx?current=837
407,SPAIN,ALMARAZ-1,PWR,Operational,2023,39.8080555555556,-5.69694444444444,https://pris.iaea.org/PRIS/CountryStatistics/ReactorDetails.aspx?current=153
408,SPAIN,ALMARAZ-2,PWR,Operational,2023,39.8080555555556,-5.69694444444444,https://pris.iaea.org/PRIS/CountryStatistics/ReactorDetails.aspx?current=154
409,SPAIN,ASCO-1,PWR,Operational,2023,41.2,0.569444444444444,https://pris.iaea.org/PRIS/CountryStatistics/ReactorDetails.aspx?current=155
410,SPAIN,ASCO-2,PWR,Operational,2023,41.2,0.569444444444444,https://pris.iaea.org/PRIS/CountryStatistics/ReactorDetails.aspx?current=156
411,SPAIN,COFRENTES,BWR,Operational,2023,39.2183,-1.05332,https://pris.iaea.org/PRIS/CountryStatistics/ReactorDetails.aspx?current=140
412,SPAIN,JOSE CABRERA-1,PWR,Permanent Shutdown,2006,40.3491666666667,-2.88444444444444,https://pris.iaea.org/PRIS/CountryStatistics/ReactorDetails.aspx?current=139
413,SPAIN,SANTA MARIA DE GARONA,BWR,Permanent Shutdown,2012,42.775,-3.2075,https://pris.iaea.org/PRIS/CountryStatistics/ReactorDetails.aspx?current=149
414,SPAIN,TRILLO-1,PWR,Operational,2023,40.701,-2.622,https://pris.iaea.org/PRIS/CountryStatistics/ReactorDetails.aspx?current=141
415,SPAIN,VANDELLOS-1,GCR,Permanent Shutdown,1989,40.9513888888889,0.866666666666667,https://pris.iaea.org/PRIS/CountryStatistics/ReactorDetails.aspx?current=150
416,SPAIN,VANDELLOS-2,PWR,Operational,2023,40.9513888888889,0.866666666666667,https://pris.iaea.org/PRIS/CountryStatistics/ReactorDetails.aspx?current=146
417,SWEDEN,AGESTA,PHWR,Permanent Shutdown,1974,59.20602222,18.0828722,https://pris.iaea.org/PRIS/CountryStatistics/ReactorDetails.aspx?current=528
418,SWEDEN,BARSEBACK-1,BWR,Permanent Shutdown,1999,55.7444444444445,12.9208333333333,https://pris.iaea.org/PRIS/CountryStatistics/ReactorDetails.aspx?current=538
419,SWEDEN,BARSEBACK-2,BWR,Permanent Shutdown,2005,55.7444444444445,12.9208333333333,https://pris.iaea.org/PRIS/CountryStatistics/ReactorDetails.aspx?current=540
420,SWEDEN,FORSMARK-1,BWR,Operational,2023,60.4033333333333,18.1666666666667,https://pris.iaea.org/PRIS/CountryStatistics/ReactorDetails.aspx?current=541
421,SWEDEN,FORSMARK-2,BWR,Operational,2023,60.4033333333333,18.1666666666667,https://pris.iaea.org/PRIS/CountryStatistics/ReactorDetails.aspx?current=530
422,SWEDEN,FORSMARK-3,BWR,Operational,2023,60.4033333333333,18.1666666666667,https://pris.iaea.org/PRIS/CountryStatistics/ReactorDetails.aspx?current=532
423,SWEDEN,OSKARSHAMN-1,BWR,Permanent Shutdown,2017,57.4155555555556,16.6711111111111,https://pris.iaea.org/PRIS/CountryStatistics/ReactorDetails.aspx?current=534
424,SWEDEN,OSKARSHAMN-2,BWR,Permanent Shutdown,2013,57.4155555555556,16.6711111111111,https://pris.iaea.org/PRIS/CountryStatistics/ReactorDetails.aspx?current=535
425,SWEDEN,OSKARSHAMN-3,BWR,Operational,2023,57.4155555555556,16.6711111111111,https://pris.iaea.org/PRIS/CountryStatistics/ReactorDetails.aspx?current=531
426,SWEDEN,RINGHALS-1,BWR,Permanent Shutdown,2020,57.2597222222222,12.1108333333333,https://pris.iaea.org/PRIS/CountryStatistics/ReactorDetails.aspx?current=536
427,SWEDEN,RINGHALS-2,PWR,Permanent Shutdown,2019,57.2597222222222,12.1108333333333,https://pris.iaea.org/PRIS/CountryStatistics/ReactorDetails.aspx?current=537
428,SWEDEN,RINGHALS-3,PWR,Operational,2023,57.2597222222222,12.1108333333333,https://pris.iaea.org/PRIS/CountryStatistics/ReactorDetails.aspx?current=539
429,SWEDEN,RINGHALS-4,PWR,Operational,2023,57.2597222222222,12.1108333333333,https://pris.iaea.org/PRIS/CountryStatistics/ReactorDetails.aspx?current=529
430,SWITZERLAND,BEZNAU-1,PWR,Operational,2023,47.5522222222222,8.22861111111111,https://pris.iaea.org/PRIS/CountryStatistics/ReactorDetails.aspx?current=55
431,SWITZERLAND,BEZNAU-2,PWR,Operational,2023,47.5522222222222,8.22861111111111,https://pris.iaea.org/PRIS/CountryStatistics/ReactorDetails.aspx?current=57
432,SWITZERLAND,GOESGEN,PWR,Operational,2023,47.3661111111111,7.96666666666667,https://pris.iaea.org/PRIS/CountryStatistics/ReactorDetails.aspx?current=58
433,SWITZERLAND,LEIBSTADT,BWR,Operational,2023,47.6030555555556,8.18472222222222,https://pris.iaea.org/PRIS/CountryStatistics/ReactorDetails.aspx?current=59
434,SWITZERLAND,MUEHLEBERG,BWR,Permanent Shutdown,2019,46.9688,7.26806944444444,https://pris.iaea.org/PRIS/CountryStatistics/ReactorDetails.aspx?current=56
435,"TAIWAN, CHINA",CHINSHAN-1,BWR,Permanent Shutdown,2014,25.28,121.59,https://pris.iaea.org/PRIS/CountryStatistics/ReactorDetails.aspx?current=554
436,"TAIWAN, CHINA",CHINSHAN-2,BWR,Permanent Shutdown,2017,25.28,121.59,https://pris.iaea.org/PRIS/CountryStatistics/ReactorDetails.aspx?current=555
437,"TAIWAN, CHINA",KUOSHENG-1,BWR,Permanent Shutdown,2021,25.21,121.66,https://pris.iaea.org/PRIS/CountryStatistics/ReactorDetails.aspx?current=556
438,"TAIWAN, CHINA",KUOSHENG-2,BWR,Permanent Shutdown,2023,25.21,121.66,https://pris.iaea.org/PRIS/CountryStatistics/ReactorDetails.aspx?current=557
439,"TAIWAN, CHINA",MAANSHAN-1,PWR,Permanent Shutdown,2023,21.96,120.76,https://pris.iaea.org/PRIS/CountryStatistics/ReactorDetails.aspx?current=558
440,"TAIWAN, CHINA",MAANSHAN-2,PWR,Operational,2023,21.96,120.76,https://pris.iaea.org/PRIS/CountryStatistics/ReactorDetails.aspx?current=559
441,UKRAINE,CHERNOBYL-1,LWGR,Permanent Shutdown,1996,51.3895527777778,30.0991472222222,https://pris.iaea.org/PRIS/CountryStatistics/ReactorDetails.aspx?current=568
442,UKRAINE,CHERNOBYL-2,LWGR,Permanent Shutdown,1991,51.3895527777778,30.0991472222222,https://pris.iaea.org/PRIS/CountryStatistics/ReactorDetails.aspx?current=569
443,UKRAINE,CHERNOBYL-3,LWGR,Permanent Shutdown,2000,51.3895527777778,30.0991472222222,https://pris.iaea.org/PRIS/CountryStatistics/ReactorDetails.aspx?current=575
444,UKRAINE,KHMELNITSKI-1,PWR,Operational,2021,50.3014055555556,26.64975,https://pris.iaea.org/PRIS/CountryStatistics/ReactorDetails.aspx?current=573
445,UKRAINE,KHMELNITSKI-2,PWR,Operational,2021,50.3014055555556,26.64975,https://pris.iaea.org/PRIS/CountryStatistics/ReactorDetails.aspx?current=574
446,UKRAINE,RIVNE-1,PWR,Operational,2021,51.3277777777778,25.8916666666667,https://pris.iaea.org/PRIS/CountryStatistics/ReactorDetails.aspx?current=570
447,UKRAINE,RIVNE-2,PWR,Operational,2021,51.3277777777778,25.8916666666667,https://pris.iaea.org/PRIS/CountryStatistics/ReactorDetails.aspx?current=571
448,UKRAINE,RIVNE-3,PWR,Operational,2021,51.3277777777778,25.8916666666667,https://pris.iaea.org/PRIS/CountryStatistics/ReactorDetails.aspx?current=572
449,UKRAINE,RIVNE-4,PWR,Operational,2021,51.3277777777778,25.8916666666667,https://pris.iaea.org/PRIS/CountryStatistics/ReactorDetails.aspx?current=589
450,UKRAINE,SOUTH UKRAINE-1,PWR,Operational,2021,47.8166666666667,31.2166666666667,https://pris.iaea.org/PRIS/CountryStatistics/ReactorDetails.aspx?current=577
451,UKRAINE,SOUTH UKRAINE-2,PWR,Operational,2021,47.8166666666667,31.2166666666667,https://pris.iaea.org/PRIS/CountryStatistics/ReactorDetails.aspx?current=578
452,UKRAINE,SOUTH UKRAINE-3,PWR,Operational,2021,47.8166666666667,31.2166666666667,https://pris.iaea.org/PRIS/CountryStatistics/ReactorDetails.aspx?current=579
453,UKRAINE,ZAPOROZHYE-1,PWR,Operational,2021,47.5122222222222,34.5858333333333,https://pris.iaea.org/PRIS/CountryStatistics/ReactorDetails.aspx?current=584
454,UKRAINE,ZAPOROZHYE-2,PWR,Operational,2021,47.5122222222222,34.5858333333333,https://pris.iaea.org/PRIS/CountryStatistics/ReactorDetails.aspx?current=586
455,UKRAINE,ZAPOROZHYE-3,PWR,Operational,2021,47.5122222222222,34.5858333333333,https://pris.iaea.org/PRIS/CountryStatistics/ReactorDetails.aspx?current=594
456,UKRAINE,ZAPOROZHYE-4,PWR,Operational,2021,47.5122222222222,34.5858333333333,https://pris.iaea.org/PRIS/CountryStatistics/ReactorDetails.aspx?current=595
457,UKRAINE,ZAPOROZHYE-5,PWR,Operational,2021,47.5122222222222,34.5858333333333,https://pris.iaea.org/PRIS/CountryStatistics/ReactorDetails.aspx?current=566
458,UKRAINE,ZAPOROZHYE-6,PWR,Operational,2021,47.5122222222222,34.5858333333333,https://pris.iaea.org/PRIS/CountryStatistics/ReactorDetails.aspx?current=567
459,UNITED ARAB EMIRATES,BARAKAH-1,PWR,Operational,2023,24.1048998,52.7241914,https://pris.iaea.org/PRIS/CountryStatistics/ReactorDetails.aspx?current=1050
460,UNITED ARAB EMIRATES,BARAKAH-2,PWR,Operational,2023,24.1048998,52.7241914,https://pris.iaea.org/PRIS/CountryStatistics/ReactorDetails.aspx?current=1051
461,UNITED ARAB EMIRATES,BARAKAH-3,PWR,Operational,2023,24.1048998,52.7241914,https://pris.iaea.org/PRIS/CountryStatistics/ReactorDetails.aspx?current=1052
462,UNITED KINGDOM,BERKELEY-1,GCR,Permanent Shutdown,1987,51.6925,-2.4936,https://pris.iaea.org/PRIS/CountryStatistics/ReactorDetails.aspx?current=264
463,UNITED KINGDOM,BERKELEY-2,GCR,Permanent Shutdown,1988,51.6925,-2.4936,https://pris.iaea.org/PRIS/CountryStatistics/ReactorDetails.aspx?current=265
464,UNITED KINGDOM,BRADWELL-1,GCR,Permanent Shutdown,1994,51.7413,0.8969,https://pris.iaea.org/PRIS/CountryStatistics/ReactorDetails.aspx?current=266
465,UNITED KINGDOM,BRADWELL-2,GCR,Permanent Shutdown,1994,51.7413,0.8969,https://pris.iaea.org/PRIS/CountryStatistics/ReactorDetails.aspx?current=267
466,UNITED KINGDOM,CALDER HALL-1,GCR,Permanent Shutdown,1997,54.419,-3.4881,https://pris.iaea.org/PRIS/CountryStatistics/ReactorDetails.aspx?current=231
467,UNITED KINGDOM,CALDER HALL-2,GCR,Permanent Shutdown,1997,54.419,-3.4881,https://pris.iaea.org/PRIS/CountryStatistics/ReactorDetails.aspx?current=232
468,UNITED KINGDOM,CALDER HALL-3,GCR,Permanent Shutdown,1997,54.419,-3.4881,https://pris.iaea.org/PRIS/CountryStatistics/ReactorDetails.aspx?current=233
469,UNITED KINGDOM,CALDER HALL-4,GCR,Permanent Shutdown,1997,54.419,-3.4881,https://pris.iaea.org/PRIS/CountryStatistics/ReactorDetails.aspx?current=234
470,UNITED KINGDOM,CHAPELCROSS-1,GCR,Permanent Shutdown,1996,55.0157,-3.2261,https://pris.iaea.org/PRIS/CountryStatistics/ReactorDetails.aspx?current=252
471,UNITED KINGDOM,CHAPELCROSS-2,GCR,Permanent Shutdown,1996,55.0157,-3.2261,https://pris.iaea.org/PRIS/CountryStatistics/ReactorDetails.aspx?current=253
472,UNITED KINGDOM,CHAPELCROSS-3,GCR,Permanent Shutdown,1996,55.0157,-3.2261,https://pris.iaea.org/PRIS/CountryStatistics/ReactorDetails.aspx?current=254
473,UNITED KINGDOM,CHAPELCROSS-4,GCR,Permanent Shutdown,1996,55.0157,-3.2261,https://pris.iaea.org/PRIS/CountryStatistics/ReactorDetails.aspx?current=255
474,UNITED KINGDOM,DOUNREAY DFR,FBR,Permanent Shutdown,1977,58.5781,-3.7523,https://pris.iaea.org/PRIS/CountryStatistics/ReactorDetails.aspx?current=242
475,UNITED KINGDOM,DOUNREAY PFR,FBR,Permanent Shutdown,1991,58.5781,-3.7523,https://pris.iaea.org/PRIS/CountryStatistics/ReactorDetails.aspx?current=243
476,UNITED KINGDOM,DUNGENESS A-1,GCR,Permanent Shutdown,2006,50.9139,0.9639,https://pris.iaea.org/PRIS/CountryStatistics/ReactorDetails.aspx?current=275
477,UNITED KINGDOM,DUNGENESS A-2,GCR,Permanent Shutdown,2006,50.9139,0.9639,https://pris.iaea.org/PRIS/CountryStatistics/ReactorDetails.aspx?current=276
478,UNITED KINGDOM,DUNGENESS B-1,GCR,Permanent Shutdown,2018,51.9139,1.9639,https://pris.iaea.org/PRIS/CountryStatistics/ReactorDetails.aspx?current=248
479,UNITED KINGDOM,DUNGENESS B-2,GCR,Permanent Shutdown,2018,51.9139,1.9639,https://pris.iaea.org/PRIS/CountryStatistics/ReactorDetails.aspx?current=249
480,UNITED KINGDOM,HARTLEPOOL A-1,GCR,Operational,2023,54.635,-1.1808,https://pris.iaea.org/PRIS/CountryStatistics/ReactorDetails.aspx?current=250
481,UNITED KINGDOM,HARTLEPOOL A-2,GCR,Operational,2023,54.635,-1.1808,https://pris.iaea.org/PRIS/CountryStatistics/ReactorDetails.aspx?current=251
482,UNITED KINGDOM,HEYSHAM A-1,GCR,Operational,2023,54.029,-2.916,https://pris.iaea.org/PRIS/CountryStatistics/ReactorDetails.aspx?current=256
483,UNITED KINGDOM,HEYSHAM A-2,GCR,Operational,2023,54.029,-2.916,https://pris.iaea.org/PRIS/CountryStatistics/ReactorDetails.aspx?current=257
484,UNITED KINGDOM,HEYSHAM B-1,GCR,Operational,2023,54.029,-2.916,https://pris.iaea.org/PRIS/CountryStatistics/ReactorDetails.aspx?current=259
485,UNITED KINGDOM,HEYSHAM B-2,GCR,Operational,2023,54.029,-2.916,https://pris.iaea.org/PRIS/CountryStatistics/ReactorDetails.aspx?current=260
486,UNITED KINGDOM,HINKLEY POINT A-1,GCR,Permanent Shutdown,1994,51.2087,-3.1337,https://pris.iaea.org/PRIS/CountryStatistics/ReactorDetails.aspx?current=271
487,UNITED KINGDOM,HINKLEY POINT A-2,GCR,Permanent Shutdown,1994,51.2087,-3.1337,https://pris.iaea.org/PRIS/CountryStatistics/ReactorDetails.aspx?current=272
488,UNITED KINGDOM,HINKLEY POINT B-1,GCR,Permanent Shutdown,2022,52.2087,-2.1337,https://pris.iaea.org/PRIS/CountryStatistics/ReactorDetails.aspx?current=244
489,UNITED KINGDOM,HINKLEY POINT B-2,GCR,Permanent Shutdown,2022,52.2087,-2.1337,https://pris.iaea.org/PRIS/CountryStatistics/ReactorDetails.aspx?current=245
490,UNITED KINGDOM,HUNTERSTON A-1,GCR,Permanent Shutdown,1989,55.7221,-4.8901,https://pris.iaea.org/PRIS/CountryStatistics/ReactorDetails.aspx?current=269
491,UNITED KINGDOM,HUNTERSTON A-2,GCR,Permanent Shutdown,1989,55.7221,-4.8901,https://pris.iaea.org/PRIS/CountryStatistics/ReactorDetails.aspx?current=270
492,UNITED KINGDOM,HUNTERSTON B-1,GCR,Permanent Shutdown,2021,56.7221,-3.8901,https://pris.iaea.org/PRIS/CountryStatistics/ReactorDetails.aspx?current=246
493,UNITED KINGDOM,HUNTERSTON B-2,GCR,Permanent Shutdown,2021,56.7221,-3.8901,https://pris.iaea.org/PRIS/CountryStatistics/ReactorDetails.aspx?current=247
494,UNITED KINGDOM,OLDBURY A-1,GCR,Permanent Shutdown,2012,51.6489,-2.5708,https://pris.iaea.org/PRIS/CountryStatistics/ReactorDetails.aspx?current=237
495,UNITED KINGDOM,OLDBURY A-2,GCR,Permanent Shutdown,2011,51.6489,-2.5708,https://pris.iaea.org/PRIS/CountryStatistics/ReactorDetails.aspx?current=238
496,UNITED KINGDOM,SIZEWELL A-1,GCR,Permanent Shutdown,2006,52.215,1.6197,https://pris.iaea.org/PRIS/CountryStatistics/ReactorDetails.aspx?current=235
497,UNITED KINGDOM,SIZEWELL A-2,GCR,Permanent Shutdown,2006,52.215,1.6197,https://pris.iaea.org/PRIS/CountryStatistics/ReactorDetails.aspx?current=236
498,UNITED KINGDOM,SIZEWELL B,PWR,Operational,2023,52.215,1.6197,https://pris.iaea.org/PRIS/CountryStatistics/ReactorDetails.aspx?current=263
499,UNITED KINGDOM,TORNESS-1,GCR,Operational,2023,55.968,-2.4091,https://pris.iaea.org/PRIS/CountryStatistics/ReactorDetails.aspx?current=261
500,UNITED KINGDOM,TORNESS-2,GCR,Operational,2023,55.968,-2.4091,https://pris.iaea.org/PRIS/CountryStatistics/ReactorDetails.aspx?current=262
501,UNITED KINGDOM,TRAWSFYNYDD-1,GCR,Permanent Shutdown,1991,52.9022,-3.9238,https://pris.iaea.org/PRIS/CountryStatistics/ReactorDetails.aspx?current=273
502,UNITED KINGDOM,TRAWSFYNYDD-2,GCR,Permanent Shutdown,1991,52.9022,-3.9238,https://pris.iaea.org/PRIS/CountryStatistics/ReactorDetails.aspx?current=274
503,UNITED KINGDOM,WINDSCALE AGR,GCR,Permanent Shutdown,1980,54.4205,-3.4975,https://pris.iaea.org/PRIS/CountryStatistics/ReactorDetails.aspx?current=268
504,UNITED KINGDOM,WINFRITH SGHWR,SGHWR,Permanent Shutdown,1990,50.6815,-2.2564,https://pris.iaea.org/PRIS/CountryStatistics/ReactorDetails.aspx?current=239
505,UNITED KINGDOM,WYLFA-1,GCR,Permanent Shutdown,2015,53.4167,-4.4833,https://pris.iaea.org/PRIS/CountryStatistics/ReactorDetails.aspx?current=240
506,UNITED KINGDOM,WYLFA-2,GCR,Permanent Shutdown,2012,53.4167,-4.4833,https://pris.iaea.org/PRIS/CountryStatistics/ReactorDetails.aspx?current=241
507,UNITED STATES OF AMERICA,ANO-1,PWR,Operational,2023,35.3102777777778,-93.2313888888889,https://pris.iaea.org/PRIS/CountryStatistics/ReactorDetails.aspx?current=652
508,UNITED STATES OF AMERICA,ANO-2,PWR,Operational,2023,35.3102777777778,-93.2313888888889,https://pris.iaea.org/PRIS/CountryStatistics/ReactorDetails.aspx?current=689
509,UNITED STATES OF AMERICA,BEAVER VALLEY-1,PWR,Operational,2023,40.6166666666667,-80.4333333333333,https://pris.iaea.org/PRIS/CountryStatistics/ReactorDetails.aspx?current=669
510,UNITED STATES OF AMERICA,BEAVER VALLEY-2,PWR,Operational,2023,40.6166666666667,-80.4333333333333,https://pris.iaea.org/PRIS/CountryStatistics/ReactorDetails.aspx?current=712
511,UNITED STATES OF AMERICA,BIG ROCK POINT,BWR,Permanent Shutdown,1997,45.35892,-85.19712,https://pris.iaea.org/PRIS/CountryStatistics/ReactorDetails.aspx?current=601
512,UNITED STATES OF AMERICA,BRAIDWOOD-1,PWR,Operational,2023,41.25,-88.2333333333333,https://pris.iaea.org/PRIS/CountryStatistics/ReactorDetails.aspx?current=737
513,UNITED STATES OF AMERICA,BRAIDWOOD-2,PWR,Operational,2023,41.25,-88.2333333333333,https://pris.iaea.org/PRIS/CountryStatistics/ReactorDetails.aspx?current=738
514,UNITED STATES OF AMERICA,BROWNS FERRY-1,BWR,Operational,2023,34.7038888888889,-87.1186111111111,https://pris.iaea.org/PRIS/CountryStatistics/ReactorDetails.aspx?current=617
515,UNITED STATES OF AMERICA,BROWNS FERRY-2,BWR,Operational,2023,34.7038888888889,-87.1186111111111,https://pris.iaea.org/PRIS/CountryStatistics/ReactorDetails.aspx?current=618
516,UNITED STATES OF AMERICA,BROWNS FERRY-3,BWR,Operational,2023,34.7038888888889,-87.1186111111111,https://pris.iaea.org/PRIS/CountryStatistics/ReactorDetails.aspx?current=641
517,UNITED STATES OF AMERICA,BRUNSWICK-1,BWR,Operational,2023,33.9583333333333,-78.0102777777778,https://pris.iaea.org/PRIS/CountryStatistics/ReactorDetails.aspx?current=662
518,UNITED STATES OF AMERICA,BRUNSWICK-2,BWR,Operational,2023,33.9583333333333,-78.0102777777778,https://pris.iaea.org/PRIS/CountryStatistics/ReactorDetails.aspx?current=661
519,UNITED STATES OF AMERICA,BYRON-1,PWR,Operational,2023,42.0833333333333,-89.2833333333333,https://pris.iaea.org/PRIS/CountryStatistics/ReactorDetails.aspx?current=735
520,UNITED STATES OF AMERICA,BYRON-2,PWR,Operational,2023,42.0833333333333,-89.2833333333333,https://pris.iaea.org/PRIS/CountryStatistics/ReactorDetails.aspx?current=736
521,UNITED STATES OF AMERICA,CALLAWAY-1,PWR,Operational,2023,38.7666666666667,-91.7833333333333,https://pris.iaea.org/PRIS/CountryStatistics/ReactorDetails.aspx?current=752
522,UNITED STATES OF AMERICA,CALVERT CLIFFS-1,PWR,Operational,2023,38.4319444444445,-76.4422222222222,https://pris.iaea.org/PRIS/CountryStatistics/ReactorDetails.aspx?current=655
523,UNITED STATES OF AMERICA,CALVERT CLIFFS-2,PWR,Operational,2023,38.4319444444445,-76.4422222222222,https://pris.iaea.org/PRIS/CountryStatistics/ReactorDetails.aspx?current=656
524,UNITED STATES OF AMERICA,CATAWBA-1,PWR,Operational,2023,35.0516666666667,-81.07,https://pris.iaea.org/PRIS/CountryStatistics/ReactorDetails.aspx?current=713
525,UNITED STATES OF AMERICA,CATAWBA-2,PWR,Operational,2023,35.0516666666667,-81.07,https://pris.iaea.org/PRIS/CountryStatistics/ReactorDetails.aspx?current=714
526,UNITED STATES OF AMERICA,CLINTON-1,BWR,Operational,2023,40.1722222222222,-88.835,https://pris.iaea.org/PRIS/CountryStatistics/ReactorDetails.aspx?current=742
527,UNITED STATES OF AMERICA,COLUMBIA,BWR,Operational,2023,46.4711,-119.33389,https://pris.iaea.org/PRIS/CountryStatistics/ReactorDetails.aspx?current=702
528,UNITED STATES OF AMERICA,COMANCHE PEAK-1,PWR,Operational,2023,32.2983333333333,-97.785,https://pris.iaea.org/PRIS/CountryStatistics/ReactorDetails.aspx?current=729
529,UNITED STATES OF AMERICA,COMANCHE PEAK-2,PWR,Operational,2023,32.2983333333333,-97.785,https://pris.iaea.org/PRIS/CountryStatistics/ReactorDetails.aspx?current=730
530,UNITED STATES OF AMERICA,COOK-1,PWR,Operational,2023,41.975276,-86.565817,https://pris.iaea.org/PRIS/CountryStatistics/ReactorDetails.aspx?current=653
531,UNITED STATES OF AMERICA,COOK-2,PWR,Operational,2023,41.975276,-86.565817,https://pris.iaea.org/PRIS/CountryStatistics/ReactorDetails.aspx?current=654
532,UNITED STATES OF AMERICA,COOPER,BWR,Operational,2023,40.3619444444445,-95.6413888888889,https://pris.iaea.org/PRIS/CountryStatistics/ReactorDetails.aspx?current=642
533,UNITED STATES OF AMERICA,CRYSTAL RIVER-3,PWR,Permanent Shutdown,2009,28.9575,-82.6983333333333,https://pris.iaea.org/PRIS/CountryStatistics/ReactorDetails.aspx?current=645
534,UNITED STATES OF AMERICA,DAVIS BESSE-1,PWR,Operational,2023,41.5966666666667,-83.0863888888889,https://pris.iaea.org/PRIS/CountryStatistics/ReactorDetails.aspx?current=676
535,UNITED STATES OF AMERICA,DIABLO CANYON-1,PWR,Operational,2023,35.2108611111111,-120.856175,https://pris.iaea.org/PRIS/CountryStatistics/ReactorDetails.aspx?current=628
536,UNITED STATES OF AMERICA,DIABLO CANYON-2,PWR,Operational,2023,35.2108611111111,-120.856175,https://pris.iaea.org/PRIS/CountryStatistics/ReactorDetails.aspx?current=660
537,UNITED STATES OF AMERICA,DRESDEN-1,BWR,Permanent Shutdown,1978,41.3897222222222,-88.2680555555556,https://pris.iaea.org/PRIS/CountryStatistics/ReactorDetails.aspx?current=597
538,UNITED STATES OF AMERICA,DRESDEN-2,BWR,Operational,2023,41.3897222222222,-88.2680555555556,https://pris.iaea.org/PRIS/CountryStatistics/ReactorDetails.aspx?current=608
539,UNITED STATES OF AMERICA,DRESDEN-3,BWR,Operational,2023,41.3897222222222,-88.2680555555556,https://pris.iaea.org/PRIS/CountryStatistics/ReactorDetails.aspx?current=612
540,UNITED STATES OF AMERICA,DUANE ARNOLD-1,BWR,Permanent Shutdown,2020,42.1005555555556,-91.7772222222222,https://pris.iaea.org/PRIS/CountryStatistics/ReactorDetails.aspx?current=667
541,UNITED STATES OF AMERICA,FARLEY-1,PWR,Operational,2023,31.2230555555556,-85.1116666666667,https://pris.iaea.org/PRIS/CountryStatistics/ReactorDetails.aspx?current=677
542,UNITED STATES OF AMERICA,FARLEY-2,PWR,Operational,2023,31.2230555555556,-85.1116666666667,https://pris.iaea.org/PRIS/CountryStatistics/ReactorDetails.aspx?current=686
543,UNITED STATES OF AMERICA,FERMI-2,BWR,Operational,2023,41.9627777777778,-83.2575,https://pris.iaea.org/PRIS/CountryStatistics/ReactorDetails.aspx?current=674
544,UNITED STATES OF AMERICA,FITZPATRICK,BWR,Operational,2023,43.5233333333333,-76.3983333333333,https://pris.iaea.org/PRIS/CountryStatistics/ReactorDetails.aspx?current=668
545,UNITED STATES OF AMERICA,FORT CALHOUN-1,PWR,Permanent Shutdown,2016,41.5202777777778,-96.0772222222222,https://pris.iaea.org/PRIS/CountryStatistics/ReactorDetails.aspx?current=634
546,UNITED STATES OF AMERICA,FORT ST. VRAIN,HTGR,Permanent Shutdown,1989,40.244395,-104.873657,https://pris.iaea.org/PRIS/CountryStatistics/ReactorDetails.aspx?current=623
547,UNITED STATES OF AMERICA,GINNA,PWR,Operational,2023,43.2778,-77.31,https://pris.iaea.org/PRIS/CountryStatistics/ReactorDetails.aspx?current=609
548,UNITED STATES OF AMERICA,GRAND GULF-1,BWR,Operational,2023,32.0066666666667,-91.0483333333333,https://pris.iaea.org/PRIS/CountryStatistics/ReactorDetails.aspx?current=715
549,UNITED STATES OF AMERICA,HADDAM NECK,PWR,Permanent Shutdown,1996,41.4833333333333,-72.5,https://pris.iaea.org/PRIS/CountryStatistics/ReactorDetails.aspx?current=605
550,UNITED STATES OF AMERICA,HARRIS-1,PWR,Operational,2023,35.6333333333333,-78.955,https://pris.iaea.org/PRIS/CountryStatistics/ReactorDetails.aspx?current=704
551,UNITED STATES OF AMERICA,HATCH-1,BWR,Operational,2023,31.9341666666667,-82.3438888888889,https://pris.iaea.org/PRIS/CountryStatistics/ReactorDetails.aspx?current=658
552,UNITED STATES OF AMERICA,HATCH-2,BWR,Operational,2023,31.9341666666667,-82.3438888888889,https://pris.iaea.org/PRIS/CountryStatistics/ReactorDetails.aspx?current=687
553,UNITED STATES OF AMERICA,HOPE CREEK-1,BWR,Operational,2023,39.4677777777778,-75.5380555555556,https://pris.iaea.org/PRIS/CountryStatistics/ReactorDetails.aspx?current=680
554,UNITED STATES OF AMERICA,HUMBOLDT BAY,BWR,Permanent Shutdown,1976,40.741927,-124.211179,https://pris.iaea.org/PRIS/CountryStatistics/ReactorDetails.aspx?current=599
555,UNITED STATES OF AMERICA,INDIAN POINT-1,PWR,Permanent Shutdown,1974,41.2666666666667,-73.95,https://pris.iaea.org/PRIS/CountryStatistics/ReactorDetails.aspx?current=643
556,UNITED STATES OF AMERICA,INDIAN POINT-2,PWR,Permanent Shutdown,2020,41.2666666666667,-73.95,https://pris.iaea.org/PRIS/CountryStatistics/ReactorDetails.aspx?current=611
557,UNITED STATES OF AMERICA,INDIAN POINT-3,PWR,Permanent Shutdown,2021,41.2666666666667,-73.95,https://pris.iaea.org/PRIS/CountryStatistics/ReactorDetails.aspx?current=635
558,UNITED STATES OF AMERICA,KEWAUNEE,PWR,Permanent Shutdown,2013,44.3422222222222,-87.5361111111111,https://pris.iaea.org/PRIS/CountryStatistics/ReactorDetails.aspx?current=647
559,UNITED STATES OF AMERICA,LACROSSE,BWR,Permanent Shutdown,1987,43.56,-91.2313888888889,https://pris.iaea.org/PRIS/CountryStatistics/ReactorDetails.aspx?current=710
560,UNITED STATES OF AMERICA,LASALLE-1,BWR,Operational,2023,41.2455555555556,-88.6691666666667,https://pris.iaea.org/PRIS/CountryStatistics/ReactorDetails.aspx?current=692
561,UNITED STATES OF AMERICA,LASALLE-2,BWR,Operational,2023,41.2455555555556,-88.6691666666667,https://pris.iaea.org/PRIS/CountryStatistics/ReactorDetails.aspx?current=693
562,UNITED STATES OF AMERICA,LIMERICK-1,BWR,Operational,2023,40.226655,-75.587311,https://pris.iaea.org/PRIS/CountryStatistics/ReactorDetails.aspx?current=678
563,UNITED STATES OF AMERICA,LIMERICK-2,BWR,Operational,2023,40.226655,-75.587311,https://pris.iaea.org/PRIS/CountryStatistics/ReactorDetails.aspx?current=679
564,UNITED STATES OF AMERICA,MAINE YANKEE,PWR,Permanent Shutdown,1996,43.9508333333333,-69.6958333333333,https://pris.iaea.org/PRIS/CountryStatistics/ReactorDetails.aspx?current=649
565,UNITED STATES OF AMERICA,MCGUIRE-1,PWR,Operational,2023,35.4325,-80.9483333333333,https://pris.iaea.org/PRIS/CountryStatistics/ReactorDetails.aspx?current=690
566,UNITED STATES OF AMERICA,MCGUIRE-2,PWR,Operational,2023,35.4325,-80.9483333333333,https://pris.iaea.org/PRIS/CountryStatistics/ReactorDetails.aspx?current=691
567,UNITED STATES OF AMERICA,MILLSTONE-1,BWR,Permanent Shutdown,1995,41.311984,-72.168546,https://pris.iaea.org/PRIS/CountryStatistics/ReactorDetails.aspx?current=610
568,UNITED STATES OF AMERICA,MILLSTONE-2,PWR,Operational,2023,41.311984,-72.168546,https://pris.iaea.org/PRIS/CountryStatistics/ReactorDetails.aspx?current=671
569,UNITED STATES OF AMERICA,MILLSTONE-3,PWR,Operational,2023,41.311984,-72.168546,https://pris.iaea.org/PRIS/CountryStatistics/ReactorDetails.aspx?current=717
570,UNITED STATES OF AMERICA,MONTICELLO,BWR,Operational,2023,45.3336111111111,-93.8491666666667,https://pris.iaea.org/PRIS/CountryStatistics/ReactorDetails.aspx?current=620
571,UNITED STATES OF AMERICA,NINE MILE POINT-1,BWR,Operational,2023,43.5208333333333,-76.4069444444445,https://pris.iaea.org/PRIS/CountryStatistics/ReactorDetails.aspx?current=607
572,UNITED STATES OF AMERICA,NINE MILE POINT-2,BWR,Operational,2023,43.5208333333333,-76.4069444444445,https://pris.iaea.org/PRIS/CountryStatistics/ReactorDetails.aspx?current=711
573,UNITED STATES OF AMERICA,NORTH ANNA-1,PWR,Operational,2023,38.0605555555556,-77.7894444444444,https://pris.iaea.org/PRIS/CountryStatistics/ReactorDetails.aspx?current=672
574,UNITED STATES OF AMERICA,NORTH ANNA-2,PWR,Operational,2023,38.0605555555556,-77.7894444444444,https://pris.iaea.org/PRIS/CountryStatistics/ReactorDetails.aspx?current=673
575,UNITED STATES OF AMERICA,OCONEE-1,PWR,Operational,2023,34.7938888888889,-82.8980555555556,https://pris.iaea.org/PRIS/CountryStatistics/ReactorDetails.aspx?current=624
576,UNITED STATES OF AMERICA,OCONEE-2,PWR,Operational,2023,34.7938888888889,-82.8980555555556,https://pris.iaea.org/PRIS/CountryStatistics/ReactorDetails.aspx?current=625
577,UNITED STATES OF AMERICA,OCONEE-3,PWR,Operational,2023,34.7938888888889,-82.8980555555556,https://pris.iaea.org/PRIS/CountryStatistics/ReactorDetails.aspx?current=636
578,UNITED STATES OF AMERICA,OYSTER CREEK,BWR,Permanent Shutdown,2018,39.8147305555556,-74.2050722222222,https://pris.iaea.org/PRIS/CountryStatistics/ReactorDetails.aspx?current=606
579,UNITED STATES OF AMERICA,PALISADES,PWR,Permanent Shutdown,2022,42.3227777777778,-86.3144444444445,https://pris.iaea.org/PRIS/CountryStatistics/ReactorDetails.aspx?current=616
580,UNITED STATES OF AMERICA,PALO VERDE-1,PWR,Operational,2023,33.3891666666667,-112.865,https://pris.iaea.org/PRIS/CountryStatistics/ReactorDetails.aspx?current=789
581,UNITED STATES OF AMERICA,PALO VERDE-2,PWR,Operational,2023,33.3891666666667,-112.865,https://pris.iaea.org/PRIS/CountryStatistics/ReactorDetails.aspx?current=790
582,UNITED STATES OF AMERICA,PALO VERDE-3,PWR,Operational,2023,33.3891666666667,-112.865,https://pris.iaea.org/PRIS/CountryStatistics/ReactorDetails.aspx?current=791
583,UNITED STATES OF AMERICA,PEACH BOTTOM-1,HTGR,Permanent Shutdown,1974,39.7583333333333,-76.2680555555556,https://pris.iaea.org/PRIS/CountryStatistics/ReactorDetails.aspx?current=603
584,UNITED STATES OF AMERICA,PEACH BOTTOM-2,BWR,Operational,2023,39.7583333333333,-76.2680555555556,https://pris.iaea.org/PRIS/CountryStatistics/ReactorDetails.aspx?current=629
585,UNITED STATES OF AMERICA,PEACH BOTTOM-3,BWR,Operational,2023,39.7583333333333,-76.2680555555556,https://pris.iaea.org/PRIS/CountryStatistics/ReactorDetails.aspx?current=630
586,UNITED STATES OF AMERICA,PERRY-1,BWR,Operational,2023,41.8008333333333,-81.1433333333333,https://pris.iaea.org/PRIS/CountryStatistics/ReactorDetails.aspx?current=725
587,UNITED STATES OF AMERICA,PILGRIM-1,BWR,Permanent Shutdown,2019,41.945,-70.5783333333333,https://pris.iaea.org/PRIS/CountryStatistics/ReactorDetails.aspx?current=639
588,UNITED STATES OF AMERICA,POINT BEACH-1,PWR,Operational,2023,44.2811111111111,-87.5366666666667,https://pris.iaea.org/PRIS/CountryStatistics/ReactorDetails.aspx?current=622
589,UNITED STATES OF AMERICA,POINT BEACH-2,PWR,Operational,2023,44.2811111111111,-87.5366666666667,https://pris.iaea.org/PRIS/CountryStatistics/ReactorDetails.aspx?current=644
590,UNITED STATES OF AMERICA,PRAIRIE ISLAND-1,PWR,Operational,2023,44.6216666666667,-92.6330555555556,https://pris.iaea.org/PRIS/CountryStatistics/ReactorDetails.aspx?current=633
591,UNITED STATES OF AMERICA,PRAIRIE ISLAND-2,PWR,Operational,2023,44.6216666666667,-92.6330555555556,https://pris.iaea.org/PRIS/CountryStatistics/ReactorDetails.aspx?current=648
592,UNITED STATES OF AMERICA,QUAD CITIES-1,BWR,Operational,2023,41.7263888888889,-90.31,https://pris.iaea.org/PRIS/CountryStatistics/ReactorDetails.aspx?current=615
593,UNITED STATES OF AMERICA,QUAD CITIES-2,BWR,Operational,2023,41.7263888888889,-90.31,https://pris.iaea.org/PRIS/CountryStatistics/ReactorDetails.aspx?current=621
594,UNITED STATES OF AMERICA,RANCHO SECO-1,PWR,Permanent Shutdown,1989,38.3452777777778,-121.121666666667,https://pris.iaea.org/PRIS/CountryStatistics/ReactorDetails.aspx?current=651
595,UNITED STATES OF AMERICA,RIVER BEND-1,BWR,Operational,2023,30.7566666666667,-91.3333333333333,https://pris.iaea.org/PRIS/CountryStatistics/ReactorDetails.aspx?current=739
596,UNITED STATES OF AMERICA,ROBINSON-2,PWR,Operational,2023,34.40278,-80.15833,https://pris.iaea.org/PRIS/CountryStatistics/ReactorDetails.aspx?current=619
597,UNITED STATES OF AMERICA,SALEM-1,PWR,Operational,2023,39.4627,-75.5356,https://pris.iaea.org/PRIS/CountryStatistics/ReactorDetails.aspx?current=627
598,UNITED STATES OF AMERICA,SALEM-2,PWR,Operational,2023,39.4627,-75.5356,https://pris.iaea.org/PRIS/CountryStatistics/ReactorDetails.aspx?current=650
599,UNITED STATES OF AMERICA,SAN ONOFRE-1,PWR,Permanent Shutdown,1992,33.3688888888889,-117.555,https://pris.iaea.org/PRIS/CountryStatistics/ReactorDetails.aspx?current=604
600,UNITED STATES OF AMERICA,SAN ONOFRE-2,PWR,Permanent Shutdown,2012,33.3688888888889,-117.555,https://pris.iaea.org/PRIS/CountryStatistics/ReactorDetails.aspx?current=683
601,UNITED STATES OF AMERICA,SAN ONOFRE-3,PWR,Permanent Shutdown,2012,33.3688888888889,-117.555,https://pris.iaea.org/PRIS/CountryStatistics/ReactorDetails.aspx?current=684
602,UNITED STATES OF AMERICA,SEABROOK-1,PWR,Operational,2023,35.6333333333333,-78.955,https://pris.iaea.org/PRIS/CountryStatistics/ReactorDetails.aspx?current=727
603,UNITED STATES OF AMERICA,SEQUOYAH-1,PWR,Operational,2023,35.2263888888889,-85.0916666666667,https://pris.iaea.org/PRIS/CountryStatistics/ReactorDetails.aspx?current=663
604,UNITED STATES OF AMERICA,SEQUOYAH-2,PWR,Operational,2023,35.2263888888889,-85.0916666666667,https://pris.iaea.org/PRIS/CountryStatistics/ReactorDetails.aspx?current=664
605,UNITED STATES OF AMERICA,SOUTH TEXAS-1,PWR,Operational,2023,28.7955555555556,-96.0488888888889,https://pris.iaea.org/PRIS/CountryStatistics/ReactorDetails.aspx?current=764
606,UNITED STATES OF AMERICA,SOUTH TEXAS-2,PWR,Operational,2023,28.7955555555556,-96.0488888888889,https://pris.iaea.org/PRIS/CountryStatistics/ReactorDetails.aspx?current=765
607,UNITED STATES OF AMERICA,ST. LUCIE-1,PWR,Operational,2023,27.3486111111111,-80.2463888888889,https://pris.iaea.org/PRIS/CountryStatistics/ReactorDetails.aspx?current=670
608,UNITED STATES OF AMERICA,ST. LUCIE-2,PWR,Operational,2023,27.3486111111111,-80.2463888888889,https://pris.iaea.org/PRIS/CountryStatistics/ReactorDetails.aspx?current=698
609,UNITED STATES OF AMERICA,SUMMER-1,PWR,Operational,2023,34.2986111111111,-81.3147222222222,https://pris.iaea.org/PRIS/CountryStatistics/ReactorDetails.aspx?current=701
610,UNITED STATES OF AMERICA,SURRY-1,PWR,Operational,2023,37.1655555555556,-76.6977777777778,https://pris.iaea.org/PRIS/CountryStatistics/ReactorDetails.aspx?current=631
611,UNITED STATES OF AMERICA,SURRY-2,PWR,Operational,2023,37.1655555555556,-76.6977777777778,https://pris.iaea.org/PRIS/CountryStatistics/ReactorDetails.aspx?current=632
612,UNITED STATES OF AMERICA,SUSQUEHANNA-1,BWR,Operational,2023,41.0889,-76.149,https://pris.iaea.org/PRIS/CountryStatistics/ReactorDetails.aspx?current=696
613,UNITED STATES OF AMERICA,SUSQUEHANNA-2,BWR,Operational,2023,41.0889,-76.149,https://pris.iaea.org/PRIS/CountryStatistics/ReactorDetails.aspx?current=697
614,UNITED STATES OF AMERICA,THREE MILE ISLAND-1,PWR,Permanent Shutdown,2019,40.1538888888889,-76.7247222222222,https://pris.iaea.org/PRIS/CountryStatistics/ReactorDetails.aspx?current=637
615,UNITED STATES OF AMERICA,THREE MILE ISLAND-2,PWR,Permanent Shutdown,1979,40.1538888888889,-76.7247222222222,https://pris.iaea.org/PRIS/CountryStatistics/ReactorDetails.aspx?current=657
616,UNITED STATES OF AMERICA,TROJAN,PWR,Permanent Shutdown,1992,46.0383333333333,-122.885,https://pris.iaea.org/PRIS/CountryStatistics/ReactorDetails.aspx?current=675
617,UNITED STATES OF AMERICA,TURKEY POINT-3,PWR,Operational,2023,25.4341666666667,-80.3305555555556,https://pris.iaea.org/PRIS/CountryStatistics/ReactorDetails.aspx?current=613
618,UNITED STATES OF AMERICA,TURKEY POINT-4,PWR,Operational,2023,25.4341666666667,-80.3305555555556,https://pris.iaea.org/PRIS/CountryStatistics/ReactorDetails.aspx?current=614
619,UNITED STATES OF AMERICA,VERMONT YANKEE,BWR,Permanent Shutdown,2014,42.7788888888889,-72.5130555555556,https://pris.iaea.org/PRIS/CountryStatistics/ReactorDetails.aspx?current=626
620,UNITED STATES OF AMERICA,VOGTLE-1,PWR,Operational,2023,33.1430555555556,-81.7658333333333,https://pris.iaea.org/PRIS/CountryStatistics/ReactorDetails.aspx?current=718
621,UNITED STATES OF AMERICA,VOGTLE-2,PWR,Operational,2023,33.1430555555556,-81.7658333333333,https://pris.iaea.org/PRIS/CountryStatistics/ReactorDetails.aspx?current=719
622,UNITED STATES OF AMERICA,VOGTLE-3,PWR,Operational,2023,33.1430555555556,-81.7658333333333,https://pris.iaea.org/PRIS/CountryStatistics/ReactorDetails.aspx?current=1042
623,UNITED STATES OF AMERICA,WATERFORD-3,PWR,Operational,2023,29.995,-90.4713888888889,https://pris.iaea.org/PRIS/CountryStatistics/ReactorDetails.aspx?current=695
624,UNITED STATES OF AMERICA,WATTS BAR-1,PWR,Operational,2023,35.6027777777778,-84.7894444444444,https://pris.iaea.org/PRIS/CountryStatistics/ReactorDetails.aspx?current=699
625,UNITED STATES OF AMERICA,WATTS BAR-2,PWR,Operational,2023,38.2388888888889,-95.6888888888889,https://pris.iaea.org/PRIS/CountryStatistics/ReactorDetails.aspx?current=700
626,UNITED STATES OF AMERICA,WOLF CREEK,PWR,Operational,2023,42.7276388888889,-72.9271777777778,https://pris.iaea.org/PRIS/CountryStatistics/ReactorDetails.aspx?current=751
627,UNITED STATES OF AMERICA,YANKEE NPS,PWR,Permanent Shutdown,1991,35.492,-105.675,https://pris.iaea.org/PRIS/CountryStatistics/ReactorDetails.aspx?current=638
628,UNITED STATES OF AMERICA,ZION-1,PWR,Permanent Shutdown,1997,42.4464,-87.803,https://pris.iaea.org/PRIS/CountryStatistics/ReactorDetails.aspx?current=640
629,UNITED STATES OF AMERICA,ZION-2,PWR,Permanent Shutdown,1996,42.4464,-87.803,https://pris.iaea.org/PRIS/CountryStatistics/ReactorDetails.aspx?current=646
